CustomerID,Recency,Frequency,Monetary
15619,11,1,337.0
17389,1,34,31852.0
14450,181,3,485.0
15727,17,7,5220.0
15790,11,1,225.0
13285,24,4,2741.0
14570,281,2,218.0
16574,72,1,447.0
13832,20,1,52.0
13623,31,5,756.0
15957,32,1,433.0
16503,107,4,1443.0
17679,53,2,1991.0
17420,51,3,603.0
15447,331,1,156.0
16386,29,2,320.0
18024,153,2,391.0
16861,60,2,173.0
16339,285,1,111.0
12940,55,2,923.0
14465,247,3,1062.0
15967,24,2,427.0
14423,219,1,265.0
18161,16,5,1626.0
14536,260,1,175.0
18218,212,2,665.0
16500,5,6,400.0
18282,8,2,181.0
13261,269,2,945.0
14148,234,1,158.0
15100,334,3,875.0
14075,5,3,944.0
14514,62,3,1061.0
16916,24,2,583.0
15004,148,1,1265.0
17172,79,1,317.0
15254,128,1,302.0
15738,19,16,4819.0
14377,192,2,617.0
17837,43,8,1606.0
17809,17,12,5416.0
13601,46,2,703.0
14289,9,6,919.0
16791,30,7,1754.0
15655,244,1,562.0
15296,51,6,3694.0
17754,1,5,1787.0
18221,23,5,1045.0
13875,54,5,1805.0
16924,22,3,857.0
14420,100,1,387.0
14997,47,3,548.0
14837,90,4,1654.0
13060,254,1,307.0
14714,25,1,162.0
17775,255,1,56.0
17708,188,2,269.0
16283,6,5,1587.0
17783,73,2,290.0
13483,66,1,140.0
13207,16,2,249.0
17044,26,1,949.0
16680,44,1,184.0
16224,58,4,1298.0
17223,311,2,432.0
15382,15,6,5982.0
13898,326,1,157.0
17193,36,7,1701.0
15604,53,1,218.0
14315,45,6,2501.0
16828,94,2,129.0
13188,12,1,115.0
14958,148,3,504.0
18043,25,3,565.0
17712,45,1,524.0
13508,244,1,111.0
14944,30,12,5896.0
14713,10,11,2690.0
15292,202,1,186.0
13225,4,7,6466.0
17190,59,2,444.0
14779,281,3,390.0
16999,24,2,486.0
17950,73,3,487.0
16117,190,1,235.0
16706,38,3,534.0
15740,50,1,155.0
16232,44,4,994.0
15429,27,2,405.0
16565,365,1,174.0
15535,174,4,540.0
13923,54,1,350.0
14770,233,2,881.0
16094,12,4,1077.0
13504,65,1,300.0
13329,32,2,787.0
14660,87,2,290.0
17836,48,1,109.0
17154,76,1,331.0
13398,193,1,460.0
14752,44,1,390.0
15462,95,3,235.0
13468,2,37,5737.0
16027,92,6,933.0
17346,4,15,2691.0
16549,11,10,4200.0
15070,373,1,106.0
15026,81,3,474.0
15146,165,2,1331.0
16295,10,4,1336.0
16985,18,10,5483.0
17438,254,1,389.0
16526,172,1,293.0
16506,20,2,90.0
13500,24,3,1172.0
15594,16,5,1783.0
14124,85,1,419.0
16119,9,2,423.0
16510,373,1,249.0
15221,367,1,403.0
14054,66,1,95.0
14284,31,2,600.0
13313,23,5,1565.0
16255,17,8,2631.0
14030,19,8,2382.0
15827,74,14,1844.0
17613,23,14,4589.0
15983,23,4,1476.0
17677,2,30,16376.0
14477,20,4,1310.0
15584,24,4,731.0
17213,41,7,2805.0
15781,26,3,347.0
14245,220,2,1708.0
15216,88,1,97.0
16601,41,1,246.0
13544,40,2,290.0
17904,22,1,195.0
16505,32,1,779.0
16257,177,1,47.0
14532,237,4,940.0
15634,18,1,246.0
16766,274,2,1150.0
14760,298,1,90.0
16954,1,9,2086.0
17924,12,7,2964.0
17396,40,8,7331.0
16835,129,2,183.0
16800,12,1,1215.0
15157,4,3,1931.0
17502,10,4,690.0
15348,73,1,159.0
17462,61,2,680.0
17392,307,2,463.0
18174,8,1,104.0
16947,236,1,407.0
15270,16,7,2382.0
17972,242,1,137.0
15973,367,1,307.0
15904,9,1,167.0
17969,167,2,229.0
17926,134,2,400.0
15164,69,3,850.0
14437,366,1,62.0
18014,29,1,168.0
16317,120,3,1350.0
15091,68,1,479.0
17265,139,2,564.0
17774,97,4,1238.0
17525,360,1,424.0
16648,43,1,291.0
14085,3,18,4495.0
13494,312,1,319.0
13003,106,3,150.0
16813,9,10,1686.0
13516,22,3,1393.0
17554,2,5,1963.0
15491,96,6,3110.0
13046,31,2,634.0
17430,33,2,266.0
17639,277,1,110.0
17253,19,1,180.0
14658,6,2,248.0
15658,191,5,1029.0
13967,146,1,81.0
15093,19,6,4610.0
13720,117,4,801.0
17588,101,3,1244.0
15557,29,1,475.0
15497,18,2,1261.0
13994,4,6,2331.0
16801,164,4,1628.0
14332,23,3,866.0
16968,5,2,442.0
13751,289,1,298.0
17388,78,4,1260.0
14064,30,5,1359.0
14801,62,1,201.0
16738,298,1,4.0
14589,372,1,40.0
16913,291,1,113.0
15850,20,2,240.0
13368,257,2,626.0
18030,5,2,232.0
14336,17,4,1617.0
18193,166,1,246.0
17397,23,2,702.0
16274,374,1,366.0
16125,368,1,291.0
18105,38,1,114.0
18085,331,2,690.0
15716,146,4,1130.0
14715,25,4,876.0
13170,27,1,120.0
13066,25,2,480.0
15637,53,1,225.0
17347,87,1,229.0
12837,174,1,136.0
12854,79,3,1335.0
13594,53,1,399.0
16721,263,1,300.0
14101,74,6,5979.0
16930,27,3,389.0
17001,1,11,4007.0
14410,93,9,1112.0
15844,47,1,129.0
15116,18,4,1355.0
16189,16,2,214.0
13220,79,4,822.0
16532,18,3,6748.0
14044,27,4,661.0
15130,170,1,332.0
17353,130,2,1744.0
13782,13,6,919.0
13960,22,2,232.0
16671,29,3,1693.0
14501,184,2,251.0
13745,163,1,300.0
14703,15,1,322.0
15398,17,2,1350.0
14180,11,25,4784.0
13027,114,6,6912.0
14525,20,9,4352.0
17059,30,5,3107.0
14555,58,2,328.0
17678,264,1,300.0
15795,150,1,615.0
14554,11,4,2388.0
13109,60,2,798.0
18240,47,1,423.0
16244,212,2,1526.0
15840,59,2,357.0
13904,38,2,332.0
15060,9,4,305.0
17297,18,1,133.0
18071,258,2,456.0
17647,66,1,134.0
15253,17,5,918.0
13726,39,2,1081.0
14733,17,12,9600.0
14367,9,16,9339.0
16839,9,34,16599.0
16455,64,7,1844.0
14056,2,23,8296.0
16265,10,9,5468.0
17955,199,4,557.0
17081,26,2,288.0
15234,277,1,198.0
17147,23,4,1724.0
14776,52,11,2537.0
17890,323,2,612.0
18278,74,1,175.0
14117,144,1,90.0
13045,100,1,307.0
16366,19,1,332.0
15096,43,1,221.0
14687,107,1,629.0
15503,363,1,154.0
14642,59,1,96.0
12948,17,7,2082.0
13104,4,6,1099.0
15105,19,7,2298.0
13166,284,1,424.0
16053,33,2,1522.0
14177,87,4,565.0
14141,3,4,917.0
12885,64,3,1177.0
16043,38,4,780.0
15923,373,1,130.0
12913,5,5,2485.0
15733,283,1,163.0
14647,202,1,243.0
17542,270,1,174.0
13873,120,3,392.0
15531,9,2,2023.0
16684,5,28,66664.0
15062,72,4,998.0
16012,36,3,1423.0
15024,10,10,1680.0
13139,17,7,5075.0
14419,11,6,1068.0
15219,177,1,307.0
15260,101,7,1814.0
15855,137,5,717.0
16774,68,4,665.0
16175,95,4,1043.0
17148,52,1,127.0
17463,17,5,1916.0
14496,312,2,540.0
18248,123,2,811.0
18113,369,1,76.0
15262,324,1,180.0
13052,213,1,351.0
17070,115,1,313.0
15426,20,5,1468.0
14062,10,12,10477.0
16553,164,12,5722.0
17637,32,2,552.0
16834,228,1,411.0
16326,6,14,3141.0
12868,186,6,1620.0
16885,16,3,481.0
15132,19,5,983.0
15073,10,3,1056.0
13946,80,3,562.0
18096,12,3,923.0
18147,46,2,180.0
13523,34,5,3974.0
15370,41,7,2399.0
17737,10,2,169.0
17244,54,1,954.0
13301,104,4,627.0
15071,94,2,984.0
17709,170,1,139.0
16178,139,1,198.0
15263,107,1,157.0
16056,46,1,669.0
14644,68,2,832.0
13081,12,11,28385.0
13040,9,2,680.0
15906,20,7,1582.0
15841,73,4,1230.0
17014,9,3,592.0
16015,4,3,707.0
17549,24,2,149.0
14140,4,2,935.0
14720,6,3,666.0
17312,139,3,646.0
17584,8,2,1249.0
13416,44,2,714.0
16000,3,3,12395.0
16078,284,1,79.0
17053,131,1,500.0
16352,18,2,501.0
16338,158,1,217.0
13497,283,2,349.0
15203,26,6,1865.0
15918,191,2,338.0
17813,15,5,1787.0
15599,27,2,762.0
16150,43,5,2069.0
13524,41,5,680.0
16571,27,3,1425.0
13838,6,4,699.0
16266,74,7,867.0
15485,31,3,2580.0
14961,11,9,7077.0
17573,30,3,383.0
13038,81,3,911.0
15051,24,3,1405.0
16243,34,2,415.0
17985,23,1,642.0
16969,40,3,649.0
13992,31,1,78.0
13347,71,1,342.0
17496,359,1,271.0
17895,45,1,99.0
12893,31,1,189.0
15405,190,1,350.0
12951,9,6,1070.0
15920,155,4,170.0
15563,23,4,1407.0
17071,29,9,2437.0
14808,40,8,2756.0
14096,5,17,65014.0
14287,9,3,177.0
17793,26,1,326.0
13730,136,2,754.0
15345,46,1,397.0
15440,55,3,390.0
14333,68,1,418.0
17928,46,2,214.0
16431,214,3,652.0
15083,257,1,89.0
14375,186,1,260.0
14888,208,1,378.0
15363,373,1,327.0
16413,57,1,264.0
17811,5,39,7899.0
15454,363,1,184.0
16303,26,3,5368.0
13477,38,6,1453.0
18170,34,3,986.0
17345,16,4,543.0
15224,359,2,323.0
17545,44,3,652.0
17029,111,2,716.0
14345,39,1,110.0
13685,3,7,3113.0
17423,47,2,697.0
14871,4,4,529.0
18209,29,1,140.0
12882,10,2,1464.0
16240,25,2,3733.0
15267,23,5,1718.0
18088,62,1,168.0
13372,90,1,381.0
17259,149,2,606.0
16134,22,2,619.0
16370,83,4,1331.0
15636,90,2,723.0
16698,227,2,1998.0
13426,1,10,3640.0
14292,8,9,4874.0
17966,38,5,1099.0
15909,174,1,192.0
13644,17,4,2635.0
14128,61,2,637.0
17331,124,1,175.0
14565,96,4,3109.0
15938,113,5,406.0
13422,65,1,2631.0
16383,75,2,668.0
14193,68,2,856.0
12895,43,2,372.0
16921,62,1,173.0
15895,150,1,178.0
14813,370,2,156.0
16114,171,1,138.0
13584,307,1,143.0
17603,79,1,393.0
17504,207,9,3010.0
18075,24,10,2618.0
12841,5,25,4045.0
16131,52,6,3513.0
12873,283,1,374.0
15111,30,3,1574.0
17883,4,4,678.0
14462,67,11,2017.0
14317,65,1,511.0
14102,6,5,1364.0
16048,374,2,254.0
17984,146,1,154.0
18053,71,1,302.0
14105,240,1,1272.0
17536,178,1,78.0
18050,360,1,75.0
13694,4,50,65043.0
16076,4,10,2247.0
12935,3,7,2172.0
14830,54,1,198.0
15696,34,8,2759.0
17685,17,7,3205.0
14587,19,9,1631.0
15516,45,3,63.0
14523,109,1,242.0
12881,276,1,299.0
17566,9,2,913.0
15974,40,7,3455.0
16515,53,5,1638.0
13101,235,1,102.0
16253,67,2,3682.0
16242,9,7,3634.0
16491,47,1,735.0
14036,285,1,630.0
15667,40,1,299.0
13117,22,8,988.0
17400,127,5,2150.0
18036,33,3,409.0
15815,64,5,2102.0
15152,10,13,4778.0
16201,4,4,1887.0
16401,2,12,4119.0
17706,5,17,10546.0
17386,8,6,2688.0
16693,69,2,488.0
16230,190,2,550.0
16948,139,3,434.0
16316,65,8,2959.0
17503,3,2,560.0
17869,108,5,431.0
17486,262,1,398.0
15228,67,4,3395.0
15386,187,1,394.0
14669,242,3,1279.0
16769,261,1,384.0
15593,71,1,199.0
13431,68,2,1273.0
15856,5,27,16411.0
13248,125,2,466.0
14041,267,1,146.0
14598,45,1,224.0
15940,312,1,36.0
18062,174,3,725.0
16057,17,7,2279.0
17974,25,3,741.0
16469,24,4,661.0
16483,193,1,139.0
16682,5,5,1026.0
16159,282,1,349.0
14860,20,1,173.0
16984,89,2,4512.0
16475,89,4,546.0
15540,12,1,216.0
13781,251,1,127.0
15053,5,3,703.0
15922,374,1,370.0
13297,8,4,2097.0
14351,165,1,51.0
15950,32,4,1783.0
14824,11,4,1130.0
15570,8,12,4195.0
13488,18,13,9008.0
14513,101,3,457.0
16148,297,1,76.0
16394,57,5,1555.0
17204,176,4,1568.0
18129,244,1,115.0
13122,95,2,929.0
15438,132,1,160.0
14904,3,2,1029.0
15543,289,1,128.0
14364,109,8,3723.0
14606,2,93,12248.0
16073,298,1,122.0
14032,3,11,2975.0
13344,68,3,2556.0
17720,27,4,1199.0
16609,16,7,5544.0
17692,128,4,744.0
13589,15,2,383.0
14608,5,4,1787.0
16470,52,4,768.0
16348,33,7,1483.0
17852,12,2,119.0
17715,201,1,326.0
14327,164,1,313.0
18169,61,1,202.0
17019,12,4,1286.0
14422,1,6,4277.0
16145,9,11,3823.0
13098,2,28,28971.0
17466,11,2,769.0
15835,45,4,962.0
17730,4,13,5309.0
16323,197,1,208.0
13975,32,6,2551.0
16473,165,3,319.0
14507,24,6,1390.0
13988,20,6,4161.0
12965,90,1,780.0
17585,110,4,1146.0
18191,262,1,208.0
15452,30,3,541.0
14870,262,1,328.0
15364,96,2,912.0
16561,6,2,513.0
15925,195,1,208.0
17094,323,1,303.0
16928,81,17,2869.0
16775,11,11,1714.0
14051,1,23,15619.0
18102,1,60,259665.0
17819,72,7,3703.0
14415,2,13,5925.0
14112,23,7,2946.0
17785,54,1,134.0
15882,199,4,515.0
17242,109,2,1138.0
12980,158,9,7376.0
18252,51,2,531.0
15532,26,4,1604.0
17176,202,1,309.0
12962,8,2,267.0
14775,59,3,1013.0
14035,29,5,1435.0
17871,205,1,159.0
13228,82,1,358.0
17805,74,1,511.0
13295,360,1,202.0
13132,262,1,77.0
15206,11,4,420.0
14013,111,3,474.0
12910,24,8,3074.0
16934,55,2,953.0
15829,100,2,637.0
15163,19,2,305.0
16191,3,13,5185.0
17447,41,2,540.0
13439,256,1,291.0
12888,215,2,354.0
16637,33,4,1156.0
16292,122,1,301.0
16657,10,4,956.0
12937,16,4,1523.0
15700,173,2,702.0
17946,234,2,150.0
16917,277,1,393.0
16952,110,2,170.0
13517,60,3,2142.0
14453,191,1,122.0
16688,2,4,1265.0
14474,47,1,553.0
17817,5,3,391.0
15689,120,2,255.0
15330,33,2,716.0
14436,99,1,90.0
14139,47,1,413.0
17018,41,2,924.0
16732,32,1,606.0
16204,24,1,411.0
15061,4,48,54566.0
13983,30,12,2615.0
17861,4,8,2121.0
12921,10,37,16668.0
15046,10,15,5233.0
15097,5,1,251.0
17101,11,4,1624.0
15549,78,3,1705.0
13549,26,7,926.0
13000,107,3,537.0
18259,25,3,2336.0
15958,75,1,104.0
16516,31,1,102.0
16168,11,27,3800.0
13034,55,2,646.0
13236,25,2,749.0
14534,3,18,4489.0
18059,24,3,304.0
17295,29,3,562.0
13575,24,5,737.0
13993,43,9,3484.0
15719,33,13,5069.0
14730,2,8,2026.0
14828,197,3,2142.0
14088,11,13,50539.0
15894,254,2,268.0
16389,54,4,1383.0
13531,206,2,489.0
15014,44,2,262.0
18173,87,4,2108.0
17119,4,2,610.0
15518,65,8,1969.0
16055,221,1,136.0
14538,65,2,388.0
13895,29,4,2603.0
12749,4,5,4115.0
17187,227,1,206.0
15942,134,1,339.0
14975,58,1,281.0
17619,313,1,223.0
15159,2,30,18682.0
14656,170,2,298.0
15034,16,8,4337.0
14210,106,6,1916.0
12875,144,2,343.0
15865,41,3,899.0
15252,37,2,746.0
15199,60,4,1267.0
17519,18,6,1845.0
16882,67,3,706.0
17886,32,3,903.0
18145,13,4,2879.0
17739,12,7,2794.0
14040,41,12,3647.0
14154,240,2,1351.0
17885,13,1,192.0
14257,65,5,3116.0
16419,113,6,979.0
18084,17,1,90.0
17033,87,3,1030.0
13318,2,3,641.0
17350,9,4,1293.0
18068,290,1,102.0
12857,211,2,1114.0
16024,13,1,257.0
13279,79,1,139.0
13229,226,1,162.0
18041,12,21,4203.0
14861,53,1,127.0
13339,201,1,866.0
13015,54,5,3355.0
14077,41,5,502.0
14291,2,11,3918.0
16038,8,3,471.0
17377,24,20,4132.0
17049,3,9,5715.0
14407,108,6,2168.0
15508,190,6,1006.0
17771,57,2,254.0
17263,209,1,66.0
15347,367,1,202.0
15333,209,1,1031.0
14862,26,2,846.0
18133,213,1,931.0
14638,51,1,444.0
13357,258,1,617.0
14089,57,1,160.0
13267,3,19,4535.0
16558,1,20,8400.0
16685,62,2,322.0
13643,32,3,525.0
14988,212,1,338.0
16942,13,9,1925.0
17702,31,4,1838.0
15806,47,3,786.0
16533,20,3,1107.0
14591,16,4,1466.0
15027,31,4,1069.0
17531,191,1,297.0
14488,68,1,1065.0
15506,23,3,967.0
14214,31,5,1011.0
15701,3,4,1561.0
13552,67,12,3751.0
13489,106,4,449.0
15276,67,1,130.0
14681,72,3,500.0
14297,18,4,1308.0
14853,25,2,477.0
15223,226,2,756.0
18123,25,2,587.0
16754,373,1,2002.0
15050,26,3,1789.0
17325,281,1,99.0
15746,135,1,200.0
17382,66,1,65.0
17859,305,1,147.0
16932,54,1,161.0
14852,59,6,2851.0
15435,23,1,153.0
14132,3,11,3586.0
14404,34,6,1485.0
15245,135,3,2526.0
15365,26,7,2323.0
16369,19,3,1567.0
14113,4,4,1842.0
17135,17,7,1146.0
14954,13,1,341.0
15984,3,10,2863.0
15339,67,2,576.0
15811,23,6,2232.0
16591,69,1,215.0
17618,6,3,980.0
15393,17,2,231.0
14785,11,2,77.0
15186,15,2,415.0
17398,115,3,658.0
13859,327,1,205.0
15582,25,3,687.0
14618,10,3,554.0
14451,61,2,662.0
15504,82,1,55.0
13655,115,2,944.0
16400,95,1,305.0
16052,55,1,367.0
14354,6,2,162.0
16573,85,2,669.0
16429,107,1,285.0
18015,5,1,120.0
17171,290,1,226.0
14540,10,3,1006.0
14628,92,2,676.0
13093,276,8,7849.0
13085,158,2,417.0
15987,13,7,1455.0
16949,4,6,1293.0
16411,20,2,217.0
17589,61,4,2426.0
13951,177,3,677.0
17453,18,2,489.0
14804,9,1,353.0
13717,33,6,1450.0
16971,39,1,360.0
16104,62,1,304.0
15747,13,3,970.0
17967,372,1,128.0
13521,2,3,1122.0
16871,23,6,2824.0
16887,36,1,200.0
13868,8,2,3193.0
15471,3,1,477.0
14676,32,6,2545.0
14903,22,5,2836.0
14978,73,5,1953.0
15766,65,1,315.0
15801,47,3,1072.0
13351,67,1,376.0
14757,76,1,425.0
16595,62,1,361.0
17551,360,1,310.0
16311,18,2,619.0
17556,206,1,159.0
16236,79,1,434.0
17623,33,1,529.0
18143,117,2,1007.0
15602,9,9,1303.0
15237,2,4,1424.0
17268,108,4,764.0
13689,64,1,910.0
15002,116,4,1658.0
16610,220,1,75.0
15628,5,9,2872.0
15648,205,2,658.0
12828,3,6,1021.0
16960,39,3,515.0
13168,37,4,1330.0
17267,128,2,319.0
17744,4,6,2321.0
13397,73,5,1547.0
13249,93,3,710.0
15208,2,5,875.0
12834,283,1,313.0
12994,5,3,986.0
17155,18,2,251.0
17124,186,1,301.0
13106,134,1,77.0
16006,212,1,100.0
13518,86,1,662.0
18227,218,1,95.0
14020,17,2,642.0
14349,11,1,136.0
15621,5,4,1291.0
15059,41,9,1344.0
17457,127,5,1739.0
15304,61,8,699.0
14841,54,6,3312.0
15764,89,6,3293.0
15465,20,18,7364.0
17179,179,3,719.0
16967,190,1,319.0
13878,55,1,1286.0
14600,306,1,397.0
17866,143,1,330.0
16458,3,18,3540.0
17238,3,17,3758.0
17874,186,6,684.0
15587,51,4,914.0
14470,12,2,466.0
14998,171,2,433.0
14972,129,1,116.0
17790,27,14,1985.0
13316,38,4,5982.0
13596,6,2,703.0
13743,3,7,1345.0
16668,16,6,307.0
15544,10,9,3592.0
18171,59,5,1238.0
15725,16,1,419.0
18018,109,2,124.0
18215,90,1,300.0
14195,202,2,1013.0
14205,17,2,467.0
16372,34,2,378.0
13356,81,1,772.0
14350,275,1,284.0
17205,54,1,385.0
13571,13,12,2092.0
18118,11,26,5701.0
15478,41,2,1449.0
15704,141,4,2294.0
17596,24,7,2836.0
15537,164,1,111.0
17682,11,6,2501.0
12853,135,6,1963.0
13470,100,2,170.0
15724,202,2,220.0
12966,10,1,161.0
17222,66,1,358.0
14847,149,1,311.0
15076,173,1,884.0
14815,37,2,780.0
13887,205,1,353.0
17564,25,3,457.0
13226,274,1,109.0
16895,65,1,219.0
16965,227,1,200.0
13858,58,1,218.0
17433,89,1,306.0
14079,125,1,376.0
14163,88,4,2447.0
17675,2,31,20455.0
18168,177,6,1184.0
16393,3,13,3061.0
14355,366,1,175.0
12867,27,7,4076.0
17157,8,2,319.0
17772,11,2,185.0
15355,30,2,279.0
17574,243,1,186.0
16811,5,2,548.0
15562,352,1,135.0
13428,11,1,214.0
16643,246,1,490.0
15996,89,6,1078.0
13533,183,3,269.0
16278,101,1,569.0
17025,61,3,357.0
16907,30,5,982.0
15963,20,2,474.0
17901,30,1,112.0
12346,326,1,77184.0
16214,171,3,1066.0
17894,72,8,1134.0
14967,50,1,463.0
16909,73,1,380.0
14338,162,2,592.0
17889,213,2,207.0
17680,24,1,185.0
14387,33,3,1791.0
15482,16,12,11054.0
17313,32,1,2332.0
14290,12,5,2328.0
15098,183,3,39917.0
14198,19,4,708.0
17091,3,9,3867.0
14547,4,8,4028.0
13991,13,6,865.0
12993,24,4,422.0
18037,155,6,70.0
17506,76,1,305.0
17937,9,7,4303.0
14216,4,4,1846.0
13247,18,4,504.0
12936,18,4,1066.0
13583,156,1,788.0
13529,79,2,312.0
13067,83,1,116.0
13712,247,1,229.0
15977,18,2,1065.0
17517,309,1,156.0
17198,24,3,700.0
15044,20,17,7758.0
17513,73,1,514.0
14603,275,1,660.0
15852,187,2,160.0
16113,184,1,164.0
16305,139,1,365.0
14031,8,19,17297.0
13801,67,1,327.0
14495,51,2,125.0
14104,155,2,217.0
13120,239,1,31.0
16780,101,2,432.0
16284,32,2,835.0
15639,135,1,428.0
14542,186,1,104.0
13690,60,1,173.0
17728,4,3,2883.0
15171,332,1,1289.0
18044,5,10,2098.0
14389,66,2,1055.0
13880,22,13,3221.0
15547,8,14,5005.0
17419,12,12,4238.0
15238,30,3,1078.0
14643,171,2,697.0
15812,108,5,1809.0
18235,72,3,1799.0
16406,19,1,161.0
13659,206,2,1571.0
15145,5,4,1196.0
17830,2,3,403.0
16756,215,1,241.0
14052,20,1,229.0
17058,82,3,1196.0
14150,36,2,658.0
17976,373,1,355.0
16902,117,1,1708.0
16613,71,1,620.0
17609,41,5,1131.0
13314,2,3,781.0
15128,61,4,1479.0
16745,87,17,7230.0
17652,26,12,4894.0
18074,374,1,491.0
13784,10,11,2463.0
14408,11,7,2602.0
17560,95,5,857.0
16597,5,1,92.0
17732,373,1,308.0
14273,52,4,565.0
14500,89,3,357.0
15307,96,1,208.0
17789,282,1,228.0
16327,15,6,3883.0
12871,85,2,380.0
17698,261,1,155.0
15280,173,1,114.0
14396,66,2,494.0
15753,305,1,79.0
15939,90,15,6112.0
16353,4,23,6677.0
14735,4,32,6080.0
16081,57,5,2821.0
17394,220,1,205.0
16513,5,4,875.0
14248,319,1,303.0
15074,106,1,751.0
13675,152,2,487.0
16863,32,2,502.0
13630,6,7,2032.0
15432,24,1,173.0
15010,36,1,310.0
16116,212,1,617.0
17949,2,45,58511.0
17757,2,30,5665.0
14282,4,15,3768.0
13634,34,5,1585.0
14472,104,8,1963.0
12955,2,11,4756.0
18080,19,2,1231.0
16747,38,2,839.0
16806,104,4,808.0
13959,80,3,607.0
13213,57,5,1521.0
15646,158,3,455.0
13430,19,2,680.0
17980,166,3,812.0
12827,6,3,435.0
16587,233,1,227.0
12824,60,1,399.0
13581,310,1,119.0
16805,174,2,467.0
17274,36,1,111.0
13300,170,1,374.0
17357,25,2,392.0
15607,337,1,106.0
16226,204,3,256.0
16185,17,2,531.0
17767,16,1,273.0
15114,31,10,2766.0
15367,58,4,1891.0
15133,128,3,984.0
15241,67,8,1766.0
17186,47,2,144.0
16979,4,6,1859.0
16767,31,11,5599.0
13384,31,7,4167.0
14339,243,1,310.0
16536,111,1,556.0
17655,11,7,2646.0
13049,65,2,657.0
17629,6,8,1819.0
13193,62,1,119.0
17330,23,2,364.0
12917,129,1,594.0
12863,53,1,521.0
16247,171,1,115.0
16319,218,1,405.0
14234,23,4,785.0
13456,18,6,1771.0
13892,27,4,631.0
14882,27,2,590.0
16098,88,7,2019.0
17759,18,3,843.0
16446,1,2,168473.0
15626,75,2,675.0
13403,18,1,75.0
14896,205,2,471.0
18027,99,1,116.0
14475,72,3,930.0
15695,267,2,411.0
13239,262,1,331.0
16716,267,2,901.0
14518,65,1,174.0
14890,254,1,127.0
17948,148,1,359.0
13182,46,1,124.0
17510,25,1,310.0
17843,304,1,208.0
13670,76,1,352.0
14483,282,1,138.0
17705,4,9,1841.0
13509,9,7,982.0
15311,1,91,60913.0
14675,17,1,612.0
13471,2,4,2550.0
13761,51,2,1080.0
13654,44,6,2726.0
16315,331,1,229.0
15785,33,5,2333.0
16655,18,6,3807.0
17634,37,9,2371.0
13802,139,3,4601.0
12879,45,3,573.0
16122,74,4,684.0
12919,9,6,1339.0
13047,32,10,3266.0
17806,12,1,544.0
14823,181,3,329.0
13260,62,1,559.0
15057,276,2,1491.0
16147,134,1,379.0
12974,198,1,146.0
15870,33,1,365.0
13029,31,3,1249.0
12877,4,12,1557.0
16552,243,2,384.0
17572,72,4,229.0
17571,51,4,1522.0
14640,25,6,2132.0
16820,96,1,497.0
13652,46,3,1099.0
13844,12,1,361.0
14657,18,4,858.0
13242,113,3,273.0
15113,10,3,3616.0
13514,74,1,152.0
17864,13,3,602.0
15066,54,1,899.0
14793,22,1,230.0
16926,372,1,232.0
18099,128,1,166.0
16014,38,3,677.0
14006,116,3,968.0
17080,23,2,287.0
17515,32,4,647.0
16910,5,8,1535.0
13650,17,6,1841.0
14004,44,7,4594.0
14649,5,4,1425.0
16842,101,3,1267.0
17230,265,8,3642.0
13982,40,4,1887.0
17362,240,2,313.0
16719,15,7,1819.0
15797,114,4,2207.0
14080,33,1,45.0
17722,97,4,2429.0
14403,131,4,1476.0
12981,30,2,373.0
14918,116,2,1616.0
14799,52,1,159.0
12904,19,2,515.0
15247,123,1,357.0
13044,292,1,568.0
17899,160,1,158.0
15408,265,1,268.0
15947,83,1,1709.0
15039,10,47,20075.0
15189,2,41,16226.0
14126,8,3,708.0
16905,6,7,3128.0
13094,22,12,1922.0
16746,5,18,6769.0
17324,18,4,997.0
14524,32,9,1880.0
14522,25,4,975.0
14533,25,7,1953.0
13466,185,1,308.0
17594,86,2,1000.0
14145,47,4,3743.0
16120,60,4,1310.0
13908,80,4,2380.0
17385,15,1,267.0
14208,95,1,154.0
13737,201,1,340.0
15466,86,1,331.0
17373,41,4,655.0
13271,38,1,216.0
13791,128,2,1516.0
13786,368,1,230.0
14152,76,2,626.0
16666,20,1,124.0
13803,256,1,280.0
12821,215,1,93.0
18241,10,17,2079.0
16764,4,13,2852.0
13621,117,1,213.0
14508,23,2,278.0
17429,129,3,526.0
18035,36,3,727.0
13447,24,3,1137.0
16099,51,3,738.0
12849,32,2,1057.0
14968,31,1,149.0
13375,89,1,783.0
15419,25,1,135.0
15463,30,1,127.0
16146,158,3,735.0
16697,242,1,114.0
17615,131,3,332.0
14280,197,1,135.0
14276,99,3,1126.0
13408,2,62,28127.0
13721,37,1,526.0
16829,157,1,199.0
16628,30,5,2209.0
13345,288,1,394.0
15901,17,3,371.0
13722,132,3,2377.0
17760,22,2,289.0
18008,71,9,2118.0
14353,216,1,91.0
16612,33,4,1199.0
17991,226,2,94.0
17896,24,1,257.0
14548,151,2,654.0
17286,22,1,153.0
13914,12,2,628.0
15379,170,7,3729.0
14662,29,4,779.0
18121,150,2,676.0
15752,40,7,2631.0
16720,27,1,154.0
12909,40,5,2190.0
15916,17,8,1546.0
13955,155,2,326.0
18139,18,6,8436.0
17636,20,1,290.0
13388,132,2,679.0
16627,80,1,325.0
12956,307,1,111.0
18213,237,1,233.0
12929,312,1,118.0
16826,52,1,344.0
17958,117,1,509.0
16142,250,1,540.0
14527,3,55,8588.0
15755,11,6,2371.0
14001,46,3,2045.0
16133,4,33,14594.0
15825,173,1,534.0
14716,44,2,331.0
17026,186,2,155.0
16358,2,4,2044.0
14434,22,6,1377.0
13460,30,2,188.0
14541,59,8,1469.0
16235,41,5,874.0
16070,23,2,853.0
18087,99,2,4056.0
17120,234,1,312.0
18177,32,6,1362.0
17964,32,2,475.0
14476,258,1,217.0
14382,27,1,631.0
13579,15,2,471.0
14219,5,1,90.0
13216,268,1,335.0
15823,373,1,15.0
18219,3,10,2084.0
15031,5,4,680.0
13050,15,17,5875.0
15117,15,5,1568.0
14825,4,12,2249.0
15668,218,1,76.0
16846,51,1,215.0
13065,374,1,207.0
13321,73,2,566.0
15175,72,1,224.0
16445,34,1,239.0
17062,314,4,549.0
15325,104,1,169.0
17138,276,1,384.0
15832,255,1,841.0
17968,374,1,282.0
13485,234,1,458.0
15814,17,4,1950.0
15889,157,2,449.0
16333,8,22,26628.0
16416,27,3,1059.0
16457,219,1,210.0
15862,9,4,846.0
18150,33,3,568.0
13629,24,11,7795.0
15218,11,11,5785.0
13148,30,12,3741.0
14952,60,11,8109.0
14482,19,6,2078.0
13458,8,14,9669.0
16880,31,7,1535.0
17427,72,1,101.0
17879,174,1,178.0
15018,39,3,500.0
16726,27,5,1389.0
14143,134,1,116.0
12830,38,6,6818.0
14165,276,1,126.0
16402,265,2,300.0
13453,166,2,358.0
16770,58,5,776.0
13256,15,1,0.0
15115,19,1,340.0
17052,29,1,420.0
13449,24,1,293.0
18040,20,2,359.0
13355,123,1,681.0
15458,26,1,162.0
16761,97,1,317.0
14242,235,2,283.0
13772,34,3,1145.0
15464,339,1,1063.0
17888,22,8,733.0
17703,36,3,793.0
13390,75,1,544.0
17884,4,4,731.0
13884,8,5,791.0
17567,8,8,4345.0
18117,26,1,324.0
14416,23,2,491.0
13452,260,2,590.0
18246,24,2,596.0
14204,3,1,163.0
14585,51,1,162.0
15853,52,1,115.0
13099,100,1,207.0
17095,23,3,1339.0
18222,93,1,443.0
16424,192,1,135.0
18255,90,1,103.0
17878,44,1,380.0
13657,11,2,384.0
17906,248,1,75.0
18093,94,4,2109.0
13752,125,6,1191.0
13805,53,2,923.0
14619,246,1,398.0
13291,156,1,366.0
17183,8,6,3349.0
17913,59,2,421.0
15038,59,6,714.0
13417,5,2,644.0
16016,4,8,1534.0
17528,2,8,3649.0
17221,8,2,337.0
14645,157,2,602.0
15400,93,5,716.0
15012,54,2,429.0
17736,10,3,379.0
13807,368,1,114.0
15314,200,1,329.0
18077,9,11,2658.0
14905,158,2,618.0
16777,81,2,231.0
14473,75,2,234.0
13255,10,2,401.0
13496,11,2,656.0
15415,314,1,580.0
16509,297,1,365.0
16539,3,4,1393.0
15230,240,2,435.0
14108,31,2,598.0
13911,58,9,2594.0
16929,4,7,1311.0
17787,153,4,1877.0
14586,277,1,237.0
17500,18,3,1139.0
17691,359,2,293.0
14034,23,3,660.0
13927,75,1,353.0
14889,337,1,137.0
15327,53,1,208.0
15649,337,2,816.0
14800,48,12,4360.0
14038,79,3,1584.0
17314,25,8,2528.0
13199,4,38,9816.0
15194,4,15,7630.0
16464,20,3,1323.0
13917,50,2,272.0
15410,85,8,3469.0
17045,114,3,342.0
17873,81,5,1858.0
13016,74,3,788.0
15567,19,1,186.0
17812,13,4,737.0
15342,130,1,405.0
16297,269,1,304.0
16218,30,7,3090.0
17160,32,6,3570.0
13948,361,1,102.0
14880,78,3,709.0
15394,10,4,2196.0
14209,11,6,2083.0
17669,43,7,3417.0
17900,191,2,112.0
15514,13,11,4153.0
14818,74,3,665.0
16899,8,6,1296.0
15877,2,2,497.0
13146,27,1,231.0
15468,52,2,470.0
17455,204,1,135.0
13177,65,1,285.0
17718,233,1,140.0
18183,228,2,637.0
17911,10,1,369.0
15319,284,1,208.0
16856,15,1,36.0
17643,374,1,102.0
12989,4,15,6922.0
14535,61,3,2881.0
17777,25,3,674.0
15110,24,4,995.0
18237,3,5,987.0
12925,5,2,693.0
13711,219,2,255.0
15374,129,1,168.0
15243,75,1,318.0
15786,47,3,4948.0
17126,153,5,1017.0
14431,303,1,474.0
13305,5,10,2005.0
13221,241,2,855.0
17166,39,2,208.0
13008,324,1,231.0
18265,73,2,810.0
14551,19,2,188.0
16554,43,3,840.0
13703,319,1,100.0
17742,114,2,359.0
12836,60,4,2631.0
14584,170,4,1048.0
15530,22,4,1510.0
17069,29,9,2737.0
13856,169,3,391.0
13869,124,4,3136.0
14616,243,3,406.0
13097,33,10,6054.0
14060,5,19,6155.0
14499,27,3,825.0
18081,37,3,346.0
16351,333,1,157.0
16592,5,16,4119.0
17965,38,14,2651.0
17505,162,2,1149.0
17781,160,2,189.0
14246,111,3,1481.0
17291,309,1,551.0
15049,274,1,121.0
16461,178,1,152.0
13328,317,1,1306.0
16653,17,2,1214.0
16080,82,2,219.0
17666,4,2,728.0
12839,3,14,5642.0
16187,32,15,6937.0
14414,92,7,1501.0
13577,26,4,1710.0
16495,4,3,696.0
16781,373,1,312.0
17824,52,1,298.0
15329,40,3,1061.0
17245,205,1,172.0
17934,52,2,706.0
15930,68,1,431.0
16387,323,1,95.0
13707,268,2,813.0
13418,12,18,6157.0
14264,155,2,337.0
16341,25,4,1977.0
17043,33,4,1739.0
14334,17,8,2574.0
18190,193,2,288.0
16678,3,12,3111.0
13890,2,10,1894.0
14385,10,3,204.0
13136,57,5,2622.0
15469,51,2,540.0
16377,268,1,676.0
17947,38,1,177.0
18211,26,5,603.0
14448,10,2,377.0
16626,1,17,4428.0
15172,9,5,1642.0
18058,10,1,171.0
17323,16,7,940.0
15106,18,5,1426.0
13381,32,6,3645.0
17550,198,3,271.0
13461,39,3,1449.0
17630,170,2,506.0
17111,48,1,252.0
17524,362,1,146.0
13792,67,2,196.0
17608,34,2,200.0
14158,41,1,513.0
16893,367,1,149.0
15204,358,1,317.0
15236,299,1,323.0
14725,25,1,731.0
17384,20,2,336.0
14311,243,1,312.0
15457,263,1,238.0
17694,142,1,285.0
15585,177,1,459.0
15505,53,5,3615.0
13767,3,37,17251.0
17100,19,2,973.0
14620,206,2,415.0
17191,29,7,2109.0
13282,19,3,1139.0
17483,66,3,418.0
15834,71,4,2254.0
13026,2,5,973.0
13615,319,1,419.0
18108,255,1,274.0
13827,58,3,410.0
17935,139,2,146.0
14066,267,1,152.0
17535,281,1,164.0
14237,374,1,162.0
17046,158,1,644.0
15632,16,8,3308.0
18092,3,11,9070.0
14709,16,13,4967.0
15953,16,8,1670.0
14891,149,2,564.0
17509,58,8,6158.0
13157,50,4,1752.0
16891,2,5,808.0
15460,355,1,217.0
17898,86,2,154.0
15885,93,3,382.0
14326,243,1,184.0
15322,86,1,681.0
13133,274,2,111.0
13210,94,1,356.0
16849,187,1,126.0
16771,34,5,2264.0
16992,11,5,1619.0
17282,131,3,1707.0
14854,79,7,2768.0
13134,86,4,1810.0
18274,31,1,176.0
18001,13,2,423.0
15028,9,4,629.0
15232,114,2,619.0
18272,3,6,3093.0
15652,92,1,339.0
17660,142,1,199.0
16018,40,2,412.0
13302,156,1,64.0
13030,12,2,804.0
16634,223,2,219.0
16998,150,4,296.0
17650,22,1,166.0
17995,282,1,77.0
13004,12,18,5691.0
15443,2,7,3264.0
14217,2,17,2019.0
16728,47,4,1064.0
16796,90,1,306.0
15809,37,5,518.0
14037,177,2,151.0
17492,249,1,375.0
14680,26,16,28782.0
15473,15,7,1771.0
17941,131,1,304.0
17932,30,3,1345.0
16545,165,1,340.0
14970,69,4,1603.0
13681,18,4,834.0
13682,188,1,60.0
17220,25,14,3241.0
17939,160,1,100.0
16272,117,1,417.0
16795,366,1,421.0
15783,11,1,248.0
17358,304,2,367.0
15264,65,1,395.0
14887,80,1,1862.0
13369,366,1,308.0
15023,4,11,6838.0
17768,9,3,2285.0
14099,17,11,3124.0
18245,8,7,2585.0
18283,4,16,2140.0
18167,24,3,1384.0
14359,20,3,915.0
14578,4,1,172.0
15075,78,1,775.0
17165,285,1,159.0
13980,61,1,202.0
15353,255,2,787.0
13200,20,4,873.0
13886,72,1,246.0
13017,8,1,204.0
17850,373,34,5374.0
14135,2,15,4703.0
16450,150,1,315.0
13800,310,1,561.0
17624,15,2,847.0
17475,80,1,196.0
14855,120,2,650.0
17255,41,2,298.0
17663,26,7,1810.0
15511,12,5,921.0
15277,47,1,257.0
17152,195,3,1689.0
17779,22,3,661.0
16784,20,1,108.0
17359,12,1,128.0
13897,51,1,313.0
14624,58,2,228.0
16933,2,2,565.0
16584,81,2,937.0
13341,261,1,779.0
16395,61,5,1510.0
15750,3,8,2472.0
14452,11,2,269.0
16792,283,2,111.0
16743,30,7,2251.0
17006,5,4,787.0
16031,93,2,556.0
15058,26,11,2150.0
13510,2,4,1813.0
16020,17,3,854.0
13562,82,3,1813.0
16460,29,3,819.0
16773,58,1,174.0
13568,174,1,197.0
13558,6,4,608.0
17978,366,1,301.0
16765,295,1,34.0
15174,323,1,138.0
13118,20,5,1205.0
15670,297,1,174.0
15129,51,11,3450.0
13939,24,3,570.0
15769,8,26,56252.0
16221,37,3,871.0
16011,9,16,3375.0
13680,2,4,3742.0
14111,15,4,692.0
15618,33,4,779.0
14567,57,2,1525.0
17625,19,4,2077.0
13748,96,5,951.0
14082,365,1,185.0
14348,261,1,410.0
15043,32,1,537.0
13077,2,4,739.0
18212,327,1,254.0
17499,290,1,628.0
16776,61,1,391.0
16477,64,7,2519.0
13486,79,3,1125.0
14788,8,2,682.0
16859,145,2,749.0
13845,65,1,314.0
17203,36,6,3570.0
15127,66,1,409.0
14964,248,1,209.0
16085,24,5,1003.0
12842,71,2,1118.0
15898,2,5,1403.0
13108,373,1,351.0
13028,23,2,663.0
17254,5,2,281.0
13194,136,1,61.0
18194,83,1,974.0
15640,5,15,12561.0
16136,60,3,710.0
16360,5,6,3537.0
15368,22,1,448.0
16261,18,4,754.0
13116,139,1,508.0
17750,6,9,1790.0
14300,19,1,44.0
17522,2,5,1075.0
17040,138,1,452.0
16824,16,2,462.0
14505,18,8,5970.0
17083,110,3,1411.0
16449,198,2,712.0
17189,107,2,385.0
17796,41,4,710.0
15416,65,4,4008.0
15397,290,1,95.0
15384,170,2,647.0
14147,79,2,484.0
15673,89,4,2891.0
14155,267,1,120.0
17908,374,1,245.0
18268,135,1,26.0
14314,107,1,120.0
16096,265,1,320.0
16779,3,22,10656.0
17031,12,2,389.0
13429,11,4,1011.0
17174,218,1,61.0
12864,139,1,147.0
18094,82,7,3013.0
15081,23,5,508.0
18149,51,3,614.0
13732,29,1,493.0
14067,64,2,381.0
14014,78,1,510.0
16040,66,3,1323.0
18257,40,8,2354.0
14764,47,1,279.0
16566,16,5,614.0
17334,303,2,307.0
16062,10,4,1156.0
15326,334,1,313.0
15919,20,2,649.0
15800,108,2,705.0
14780,55,2,450.0
17674,75,2,552.0
14231,184,3,934.0
18067,41,1,402.0
13739,19,1,217.0
14164,71,2,1629.0
16171,60,1,73.0
14867,186,3,712.0
18064,134,2,815.0
16425,303,1,305.0
17620,60,1,81.0
17153,25,1,216.0
13091,29,1,347.0
14494,26,1,139.0
14659,9,9,2544.0
16843,43,16,10218.0
14915,92,2,310.0
13700,27,10,2279.0
17414,44,2,777.0
15861,13,8,3214.0
16499,361,2,367.0
15453,2,7,1398.0
14125,11,3,2755.0
13728,37,6,1020.0
15944,277,1,326.0
15653,93,2,877.0
18079,46,4,3657.0
13627,60,5,1646.0
14782,320,1,200.0
15676,19,3,3448.0
18228,57,2,782.0
13499,18,5,1164.0
12987,74,2,561.0
16494,297,1,828.0
13095,71,1,73.0
14947,73,2,289.0
13678,152,1,234.0
15092,216,2,459.0
14803,163,3,841.0
17060,267,1,235.0
13441,92,1,298.0
12884,89,1,310.0
18086,275,1,102.0
16715,79,1,302.0
17701,253,1,424.0
17109,30,6,897.0
13824,33,5,1704.0
13340,46,7,10748.0
17236,13,6,920.0
13048,15,4,1871.0
16005,13,4,627.0
13145,40,4,619.0
17769,13,10,4028.0
14806,76,1,193.0
13389,12,3,802.0
15664,51,1,387.0
14241,184,1,213.0
13349,11,1,247.0
15350,374,1,115.0
14411,311,1,1063.0
15949,17,2,364.0
16404,71,1,447.0
15414,10,3,777.0
16364,12,2,714.0
15992,4,1,43.0
13070,193,1,231.0
17752,360,1,81.0
16123,52,1,308.0
13414,134,3,1392.0
15301,51,12,5086.0
16029,39,63,81031.0
16271,3,5,1452.0
17469,17,5,1886.0
18223,5,14,6497.0
15572,5,7,2570.0
14689,209,1,113.0
14561,76,3,1085.0
18160,58,2,644.0
14684,26,5,1271.0
13354,72,1,745.0
15533,20,3,813.0
14240,31,2,891.0
17231,13,10,3195.0
17164,33,7,2469.0
13224,61,2,2177.0
13778,104,1,178.0
16318,36,1,330.0
14708,3,3,1128.0
17279,58,1,188.0
15007,160,1,158.0
16415,45,1,210.0
16629,74,2,422.0
16363,54,1,109.0
16722,18,13,4789.0
16700,9,13,5118.0
17162,29,10,1732.0
13330,93,3,1147.0
17219,32,1,114.0
13153,6,1,484.0
15125,26,15,11535.0
17017,3,20,8706.0
13405,75,3,576.0
17700,17,4,2549.0
18009,236,1,260.0
14236,81,2,489.0
13900,184,3,746.0
15524,25,1,440.0
16065,366,1,381.0
16054,146,1,794.0
18224,264,1,160.0
15935,240,2,417.0
16560,27,2,847.0
15343,88,1,368.0
13672,302,2,187.0
13804,31,7,2641.0
15197,11,3,1081.0
14702,2,17,3325.0
13320,79,4,1572.0
17690,31,15,4788.0
15659,44,1,308.0
16180,101,8,10276.0
13850,130,1,1606.0
16362,33,5,742.0
15757,66,2,721.0
14747,250,1,331.0
13235,213,1,1034.0
17293,9,9,1889.0
16966,9,7,2153.0
14582,41,1,115.0
16357,34,3,662.0
17140,248,1,468.0
17251,363,1,285.0
16957,240,2,416.0
14641,22,1,111.0
14174,34,1,139.0
17431,314,1,402.0
16711,4,5,1652.0
13940,18,4,842.0
13719,16,5,1044.0
15620,57,3,1561.0
14550,11,2,769.0
14360,32,4,2141.0
15380,9,5,1693.0
17173,6,8,3768.0
16258,46,5,5212.0
15579,69,2,353.0
15777,242,4,1050.0
16009,23,4,999.0
13591,65,3,1128.0
14295,41,1,165.0
14873,211,1,524.0
16034,197,3,438.0
16793,58,1,243.0
13716,270,1,139.0
14672,235,2,773.0
16617,236,1,152.0
13435,6,7,3816.0
16904,5,16,3763.0
17656,74,5,1679.0
13078,4,26,12665.0
16143,4,6,2444.0
13963,309,4,665.0
12988,293,1,544.0
14987,16,2,328.0
14331,125,2,465.0
15654,10,2,925.0
18078,218,2,338.0
13155,34,4,980.0
15313,111,1,52.0
18205,37,2,523.0
14173,11,4,456.0
15671,19,7,2655.0
17870,3,12,1901.0
16279,22,3,1518.0
16126,30,4,6293.0
12931,22,15,42058.0
17591,74,7,2230.0
16092,115,3,818.0
14897,8,4,1371.0
15399,2,3,824.0
15526,34,2,149.0
13311,5,2,602.0
16367,38,2,817.0
14898,24,6,1312.0
14753,88,1,566.0
17892,57,3,246.0
12822,71,2,953.0
16480,76,1,776.0
16527,82,1,231.0
15433,214,2,539.0
17440,157,3,187.0
16298,23,3,600.0
14129,2,5,1125.0
13012,10,8,1661.0
17658,26,2,594.0
14836,11,3,102.0
17863,60,6,3168.0
18217,30,2,620.0
13092,71,5,479.0
13753,288,1,747.0
17088,29,4,2004.0
13322,18,1,202.0
13564,145,3,1753.0
13551,320,1,92.0
14512,188,2,278.0
16007,48,4,1738.0
14719,2,5,1622.0
15215,47,3,737.0
17548,234,1,105.0
16036,88,2,759.0
14271,226,1,113.0
13667,150,1,305.0
15717,235,1,150.0
14426,24,10,4494.0
13233,75,2,606.0
14607,16,14,16573.0
16306,214,6,634.0
17848,82,9,906.0
13695,32,15,2511.0
13186,40,3,1581.0
15178,261,1,42.0
13450,27,6,2044.0
15213,319,2,333.0
17800,38,9,1208.0
16900,17,3,886.0
13238,18,4,707.0
14520,2,2,270.0
17011,31,1,269.0
13740,241,1,352.0
15156,2,3,965.0
13482,233,1,185.0
17035,246,2,440.0
15154,76,1,300.0
17034,17,3,748.0
13370,372,1,759.0
16611,187,1,130.0
14440,9,5,2359.0
16550,109,5,2323.0
16407,13,10,2149.0
17243,2,26,8731.0
17068,13,21,4608.0
15656,46,4,753.0
15843,304,1,121.0
16794,2,10,1238.0
16172,96,5,1147.0
16624,81,2,813.0
13718,247,2,308.0
14039,34,1,155.0
13481,46,5,1817.0
15948,9,2,961.0
14665,61,5,1841.0
17434,3,7,2377.0
14573,180,9,1676.0
13635,68,1,1070.0
15308,275,1,312.0
13348,65,1,234.0
13686,183,1,76.0
16399,20,2,410.0
17374,219,2,499.0
14690,45,2,371.0
15266,339,1,120.0
14068,321,1,270.0
16569,4,1,126.0
14059,267,1,184.0
17881,305,1,134.0
16923,13,19,7319.0
15078,8,32,9832.0
13928,11,4,468.0
13668,3,21,6399.0
13230,5,14,2864.0
16438,6,5,811.0
15985,124,2,1146.0
17865,31,20,10510.0
13563,85,2,783.0
17214,61,6,1081.0
13240,97,4,670.0
16091,155,2,318.0
15576,38,1,945.0
15184,30,2,416.0
15149,134,1,524.0
16025,30,1,437.0
14395,3,9,3530.0
17042,3,5,1049.0
16788,124,2,601.0
14457,311,1,114.0
16735,79,5,2315.0
15603,79,1,49.0
15484,2,4,3611.0
15721,12,1,506.0
17786,86,2,281.0
13774,82,1,346.0
16441,68,2,384.0
13364,72,1,136.0
14666,25,1,195.0
17379,12,1,412.0
16990,219,1,179.0
17764,51,2,828.0
14406,120,1,158.0
15089,11,6,2439.0
16518,62,2,489.0
15903,10,7,5127.0
12838,34,2,688.0
12970,8,4,457.0
13780,8,2,364.0
16170,51,6,1897.0
13507,4,4,2500.0
14834,18,6,1724.0
18250,311,1,351.0
14272,74,2,442.0
16803,66,1,335.0
16202,361,1,366.0
15167,321,1,164.0
12950,3,3,1843.0
16010,246,3,415.0
15042,200,1,137.0
17085,124,5,1582.0
13283,60,2,96.0
17930,36,5,1742.0
13881,4,20,17167.0
16633,18,6,2901.0
13365,34,2,2238.0
12947,144,6,1620.0
13343,178,1,357.0
15674,74,5,2461.0
12995,86,1,211.0
16216,268,1,922.0
16418,45,3,684.0
16215,81,1,244.0
14817,201,2,1125.0
14222,178,1,687.0
13379,27,3,579.0
16986,30,2,1873.0
13922,352,1,173.0
13826,177,1,191.0
17428,1,28,17278.0
14794,3,7,1327.0
13268,18,11,3240.0
16884,38,2,431.0
14484,51,1,323.0
15068,47,2,563.0
13931,96,2,1242.0
15970,304,1,318.0
14048,306,1,412.0
14159,20,11,4774.0
17461,23,3,763.0
14107,52,7,2708.0
15022,12,4,916.0
13319,6,26,10909.0
17595,13,2,399.0
17027,79,6,905.0
16128,18,5,1881.0
13860,2,5,1256.0
16434,30,7,1531.0
16309,107,2,708.0
17128,335,1,159.0
14497,310,1,479.0
16127,40,1,660.0
15118,135,1,245.0
16282,340,1,170.0
17727,16,1,1068.0
17579,5,3,450.0
13474,237,1,236.0
13806,64,1,256.0
15063,214,1,372.0
14796,2,17,8068.0
15527,19,8,2442.0
14842,44,4,2833.0
16414,22,2,127.0
16681,73,6,1769.0
14146,9,5,4210.0
17580,253,3,220.0
17197,30,1,1015.0
16647,170,2,216.0
15079,213,4,901.0
14768,18,2,192.0
13244,93,1,121.0
14386,297,1,143.0
13662,86,3,908.0
18260,173,6,2656.0
17381,9,29,20285.0
13651,36,2,94.0
14071,4,8,1457.0
14383,39,3,1252.0
17339,95,2,243.0
13362,10,4,3105.0
17799,23,10,3079.0
13755,4,9,2180.0
12957,10,8,4034.0
17146,106,3,751.0
15265,152,2,1518.0
13135,197,1,3096.0
15743,17,4,796.0
14851,24,2,509.0
16690,73,2,226.0
17320,101,3,1207.0
15005,16,28,6353.0
17576,9,19,3651.0
16750,45,5,632.0
13952,218,2,3266.0
14705,199,1,179.0
13083,5,2,303.0
13614,25,4,1628.0
13821,145,2,394.0
16105,249,1,340.0
14539,16,2,537.0
14737,4,3,1166.0
14196,107,1,335.0
17711,11,2,386.0
14504,48,4,687.0
17458,16,1,319.0
17365,13,8,4845.0
13710,32,1,181.0
15344,1,3,569.0
14211,54,9,2254.0
13899,17,2,390.0
14778,128,2,730.0
16531,23,7,1246.0
13882,3,5,1195.0
15444,10,2,1439.0
15796,2,8,2728.0
13115,12,4,2315.0
15422,324,2,98.0
17495,8,2,500.0
16734,53,3,656.0
16217,236,2,306.0
18249,18,1,95.0
18112,13,2,354.0
14601,11,1,213.0
13976,207,1,359.0
17534,54,1,225.0
17278,242,1,247.0
18184,16,1,50.0
14682,188,2,52.0
16211,89,1,553.0
15406,32,2,519.0
17725,17,11,3444.0
13610,13,7,1145.0
13350,17,2,983.0
18181,25,1,388.0
15679,25,4,790.0
14722,148,1,192.0
14076,130,1,125.0
14792,64,1,6.0
16603,75,2,483.0
17578,219,1,144.0
15498,3,27,13369.0
16173,16,6,1428.0
16701,9,13,5406.0
14929,33,1,223.0
16667,69,2,574.0
15210,226,1,333.0
13636,37,5,957.0
14305,72,3,1865.0
13124,90,3,3894.0
15120,134,1,361.0
14130,320,1,494.0
16378,248,3,364.0
16650,72,1,518.0
16432,65,1,288.0
17123,162,1,346.0
17530,2,10,2409.0
14594,8,2,386.0
14739,5,7,3906.0
14901,12,9,1427.0
16692,257,2,1277.0
14021,156,3,635.0
14247,279,1,139.0
16892,2,5,531.0
16996,31,6,1456.0
16674,55,2,327.0
16107,18,7,3210.0
16287,170,1,142.0
16496,9,3,1608.0
17738,20,4,1884.0
16789,9,1,82.0
15287,23,2,487.0
15227,37,5,1226.0
13663,180,1,192.0
14700,33,3,2253.0
18189,78,2,1098.0
16725,303,7,790.0
17523,12,4,653.0
17406,334,3,2206.0
13527,34,7,2321.0
16814,15,21,6555.0
15214,2,8,1669.0
12831,263,1,216.0
14057,24,17,6242.0
15434,9,5,1048.0
16108,85,1,841.0
15680,10,3,1342.0
16669,24,3,1386.0
16208,45,2,672.0
15087,282,1,306.0
17022,32,1,71.0
15142,47,1,499.0
16050,174,1,139.0
14697,219,2,192.0
16384,90,2,587.0
13391,204,1,60.0
14878,13,9,1495.0
13599,2,21,5176.0
12845,268,4,356.0
14553,20,5,867.0
15756,62,4,541.0
12944,36,2,605.0
14748,30,5,1417.0
15665,169,2,2253.0
13082,127,9,3623.0
18013,156,2,189.0
13327,39,8,3632.0
13705,8,3,713.0
17086,8,6,2063.0
16528,4,1,244.0
16936,26,1,269.0
14027,61,1,104.0
13656,165,2,380.0
16881,67,1,432.0
15220,52,6,1784.0
16898,27,3,513.0
13140,109,3,428.0
15160,358,1,158.0
13064,13,4,1129.0
17133,16,7,4894.0
17664,19,2,608.0
16852,11,2,147.0
17891,163,1,201.0
13606,30,3,285.0
13704,6,9,2319.0
13187,338,1,237.0
16124,318,1,251.0
15448,313,1,497.0
17616,174,3,571.0
14923,51,1,750.0
13151,296,1,1266.0
16850,334,1,333.0
13819,302,3,1144.0
13102,2,24,6434.0
16161,2,19,5629.0
14189,3,15,4664.0
15358,5,22,8378.0
16729,39,21,7286.0
17432,19,2,368.0
17338,18,8,6704.0
17667,67,5,2071.0
16059,66,6,1483.0
17912,311,5,314.0
18136,64,3,788.0
17887,130,1,112.0
15158,46,1,401.0
17122,120,1,140.0
15006,52,1,510.0
13569,18,2,379.0
15396,113,1,289.0
17232,3,2,425.0
14981,247,1,105.0
16758,66,1,369.0
16709,85,5,3037.0
16710,20,10,2513.0
16239,57,2,417.0
17758,20,8,3476.0
12942,132,3,690.0
15107,312,6,321.0
14127,123,3,715.0
17686,8,7,5786.0
15821,45,2,577.0
13173,5,2,356.0
13396,30,2,1362.0
15597,36,1,327.0
14971,36,3,1128.0
13011,373,1,51.0
16430,58,1,302.0
13525,15,2,629.0
15269,24,1,409.0
14238,327,1,149.0
14661,27,1,108.0
17090,5,7,2046.0
13715,282,5,1097.0
16639,32,3,1263.0
15541,115,1,86.0
16567,195,2,865.0
14341,46,8,2196.0
17047,86,3,1106.0
14206,240,1,327.0
16233,72,3,536.0
15762,66,2,588.0
15300,65,1,497.0
15185,71,1,311.0
14424,18,1,322.0
13462,253,1,153.0
15143,226,1,262.0
17604,218,2,311.0
17867,31,6,1195.0
13709,4,13,6368.0
15140,53,7,2362.0
14443,54,4,1433.0
14530,26,6,2948.0
13759,34,2,662.0
14083,5,9,1035.0
14116,20,5,1386.0
15910,1,8,1251.0
16426,3,10,1916.0
17552,61,4,933.0
13889,93,1,417.0
18202,200,3,1404.0
14506,18,5,2039.0
16163,233,2,856.0
15201,88,5,1238.0
14631,51,3,1005.0
17096,16,4,1029.0
17252,117,2,350.0
14362,23,1,161.0
18120,215,1,113.0
13062,192,1,348.0
17139,16,12,10750.0
14866,11,12,14393.0
17450,9,46,194564.0
13014,11,10,3482.0
17015,29,3,1861.0
15669,41,4,688.0
15392,5,4,1536.0
16376,9,2,996.0
13189,19,2,263.0
13479,201,2,303.0
17405,2,3,1038.0
15099,85,1,414.0
14651,68,2,662.0
13561,216,1,143.0
13090,9,14,8919.0
15021,9,9,1928.0
12915,149,2,366.0
14503,4,6,3548.0
13546,13,3,628.0
13723,218,1,201.0
15623,142,1,303.0
17832,50,1,151.0
13218,128,1,63.0
13947,66,1,92.0
16903,30,1,375.0
16557,25,2,284.0
18200,107,1,168.0
16931,6,21,4667.0
13956,6,5,1037.0
15373,9,12,2430.0
18273,3,3,204.0
15709,284,1,133.0
14227,27,10,3378.0
17061,74,11,5243.0
14653,2,7,1965.0
13750,54,5,1649.0
14859,13,4,1361.0
15880,370,1,343.0
15561,12,4,804.0
17696,39,8,2295.0
13978,15,2,200.0
13159,9,4,1454.0
16350,22,4,1124.0
15030,72,2,518.0
14761,59,2,256.0
16498,162,2,102.0
16517,278,1,163.0
15475,78,1,454.0
13934,264,1,925.0
14243,9,10,2603.0
15298,3,12,4821.0
16542,54,1,120.0
15714,12,2,332.0
15054,13,2,296.0
13626,253,1,257.0
16656,23,15,8635.0
15095,104,4,1377.0
17409,185,2,774.0
15488,93,1,91.0
16275,197,1,563.0
15381,214,2,599.0
16727,365,1,275.0
16938,9,4,2762.0
13366,51,1,56.0
14623,33,5,894.0
16778,75,2,244.0
12890,25,1,381.0
17614,58,1,400.0
16072,289,1,587.0
18042,54,1,166.0
17719,38,15,5409.0
17749,179,2,678.0
15521,41,8,3024.0
16427,264,2,242.0
14201,61,7,753.0
15261,136,1,253.0
15407,34,4,1066.0
17797,23,3,785.0
18019,52,1,39.0
18066,76,1,319.0
14821,367,1,49.0
18106,330,1,437.0
17670,228,1,205.0
16403,313,1,179.0
14629,5,2,979.0
18146,141,2,160.0
14233,50,4,1463.0
13298,2,1,360.0
17960,172,1,73.0
15249,32,13,6732.0
15048,66,4,387.0
13632,25,5,2125.0
13941,22,5,5113.0
13475,192,4,1431.0
15845,18,8,3715.0
13121,270,1,287.0
14844,64,4,3203.0
18242,73,4,2237.0
17893,226,1,112.0
12928,36,5,2077.0
16742,47,1,465.0
13853,58,1,1091.0
13885,190,2,511.0
16084,300,1,439.0
15212,242,1,102.0
15606,62,9,2919.0
17857,5,23,26886.0
16245,24,3,1419.0
13741,72,3,672.0
13590,12,6,1993.0
13451,27,5,3011.0
13160,23,1,92.0
17343,356,1,195.0
14012,278,1,331.0
15661,318,2,311.0
17747,113,1,71.0
15891,227,1,532.0
16302,127,1,234.0
15366,76,2,609.0
16210,2,18,21095.0
13208,59,6,1240.0
15707,36,4,964.0
16368,3,2,500.0
13925,93,4,681.0
14960,9,2,226.0
17990,237,3,634.0
14581,17,1,138.0
15047,270,1,346.0
17131,6,5,2478.0
15512,156,2,121.0
14973,108,3,1316.0
16833,2,4,1112.0
13731,220,2,614.0
16493,80,4,1350.0
15041,171,1,182.0
13169,64,2,713.0
17628,82,1,75.0
16644,178,2,844.0
18229,12,20,7300.0
13069,1,24,4453.0
14259,142,1,121.0
12901,9,28,17657.0
13971,19,8,2772.0
15933,22,3,1113.0
14673,4,5,1739.0
15033,5,10,2614.0
17923,283,1,208.0
17526,5,4,1199.0
14299,9,9,3969.0
13080,180,1,57.0
15179,19,5,2219.0
13863,248,1,308.0
17175,45,4,1448.0
14428,8,5,1253.0
14438,307,1,136.0
16614,183,1,510.0
18280,278,1,182.0
17107,34,6,10868.0
14704,12,9,1558.0
13969,8,18,9112.0
13602,65,1,430.0
13871,23,13,6445.0
16976,268,1,251.0
16083,101,2,1320.0
12963,9,8,1862.0
13061,73,1,250.0
16325,47,3,595.0
16479,11,2,302.0
15554,278,1,217.0
14701,11,9,2568.0
13513,127,1,207.0
14342,22,4,670.0
16398,155,2,1715.0
17436,2,2,216.0
15837,65,1,395.0
14907,4,7,3512.0
16033,6,20,8926.0
16042,23,5,1196.0
14050,32,2,747.0
13427,20,3,581.0
13059,250,1,185.0
13799,117,2,691.0
15768,116,3,625.0
16717,24,6,3881.0
13999,11,12,3927.0
16511,22,3,960.0
14373,359,1,77.0
17987,186,1,197.0
16385,61,3,562.0
14950,20,1,372.0
13103,40,1,243.0
12832,33,2,383.0
13419,64,1,221.0
18004,363,1,170.0
13756,3,14,5197.0
16589,72,3,460.0
16838,198,2,592.0
12823,75,5,1761.0
17063,22,7,1472.0
13883,11,5,2691.0
14388,11,8,3247.0
14306,52,2,2097.0
12997,23,4,1233.0
14226,29,5,2237.0
16190,41,1,215.0
14754,45,2,642.0
15153,32,1,331.0
15135,240,1,140.0
16268,72,2,677.0
17765,159,3,372.0
15000,48,1,500.0
17936,6,1,390.0
14441,1,4,1715.0
15528,255,1,234.0
18016,33,5,1491.0
13113,1,24,12274.0
17024,46,3,96.0
15192,120,3,1050.0
13198,11,6,3430.0
16101,71,1,1300.0
14121,4,4,2787.0
15722,36,5,2228.0
17084,36,2,2968.0
13870,3,8,2779.0
13758,12,7,3199.0
15306,65,3,1179.0
14913,36,4,1231.0
15630,46,2,1190.0
15168,26,1,107.0
16106,66,1,108.0
15553,61,1,442.0
15124,23,2,185.0
12829,337,2,294.0
14304,223,1,386.0
17763,264,1,15.0
14951,80,1,313.0
17333,86,1,495.0
13394,2,8,2524.0
16817,3,9,1610.0
17370,73,4,447.0
16079,17,3,1353.0
16638,23,10,1692.0
13930,58,2,337.0
16174,127,3,1013.0
15897,195,2,224.0
15971,18,12,4204.0
17816,37,4,37.0
15035,90,1,254.0
13638,16,1,123.0
17507,262,2,610.0
15758,25,1,206.0
17456,366,1,249.0
14329,18,7,5047.0
15737,15,8,1211.0
16593,51,3,334.0
14133,130,3,605.0
13979,74,1,872.0
14251,2,5,2880.0
15165,374,1,491.0
17714,321,1,153.0
14023,8,2,585.0
15489,23,3,1139.0
15297,11,3,643.0
15423,39,1,44.0
14885,132,1,764.0
17914,4,1,334.0
13223,201,2,163.0
17309,96,1,83.0
15969,3,3,668.0
15291,26,15,4681.0
15389,173,1,500.0
16961,117,1,234.0
17262,53,5,1255.0
16759,8,3,796.0
13600,313,1,224.0
13334,83,3,3560.0
14636,37,2,615.0
15019,267,1,266.0
14633,267,1,346.0
16812,361,1,482.0
15683,118,1,194.0
14262,9,8,2621.0
13727,29,2,337.0
15681,26,5,1431.0
13708,272,1,304.0
15657,23,1,30.0
13484,242,1,316.0
15839,34,3,1053.0
17289,32,3,950.0
14185,332,1,198.0
17235,26,2,553.0
13618,174,1,180.0
15513,34,19,14788.0
16308,38,4,2560.0
17115,9,3,844.0
18226,45,11,5261.0
13149,15,4,1681.0
13647,10,4,1690.0
16730,53,3,746.0
18010,257,1,178.0
13888,120,2,612.0
14480,12,1,280.0
15288,44,5,2321.0
16520,187,3,1055.0
15993,9,7,2831.0
17290,4,2,531.0
14212,90,1,1070.0
15467,10,3,529.0
16066,17,5,1528.0
17553,130,1,1488.0
15032,257,3,4966.0
14784,27,2,291.0
14397,3,19,2618.0
14765,30,3,257.0
17218,5,10,1979.0
13588,16,9,2482.0
13502,17,3,291.0
13697,39,1,151.0
12856,8,6,2204.0
15706,64,4,1063.0
17802,83,3,1292.0
16109,219,2,610.0
16412,54,1,155.0
17925,373,1,244.0
15025,34,1,386.0
12902,265,1,139.0
12923,65,1,176.0
17449,3,7,2550.0
16337,37,1,151.0
15065,38,4,3173.0
17633,32,4,1332.0
13001,5,13,9865.0
15734,115,2,1343.0
15732,213,2,298.0
13929,170,2,843.0
16440,8,5,3671.0
14171,99,1,371.0
15372,138,1,2006.0
16808,100,2,292.0
17724,72,3,1040.0
15608,29,4,1098.0
15847,39,2,391.0
15975,85,1,370.0
13338,158,1,488.0
14489,208,1,474.0
15412,172,1,191.0
16620,4,2,181.0
14572,4,7,2855.0
16607,18,14,3367.0
14390,11,9,4675.0
16156,9,9,3134.0
17248,121,1,323.0
14371,296,1,101.0
17228,16,8,1927.0
15822,4,2,888.0
17734,54,3,703.0
13171,22,3,471.0
13986,18,1,321.0
17831,34,1,36.0
17514,129,1,211.0
16642,5,2,688.0
17684,44,1,241.0
13937,170,1,160.0
13185,268,1,71.0
15385,41,1,316.0
14459,156,1,1839.0
15571,12,4,649.0
14412,43,2,773.0
13631,100,11,3071.0
17511,3,31,91109.0
17856,2,4,1417.0
14298,9,44,51508.0
17364,1,11,4495.0
15122,115,3,1644.0
17520,54,1,548.0
13425,109,3,1636.0
17835,3,3,350.0
16207,26,1,395.0
18126,61,1,212.0
15121,51,2,461.0
15088,22,2,1164.0
16848,53,1,282.0
17929,12,4,843.0
15663,107,1,138.0
12953,10,1,332.0
15677,50,1,660.0
13043,274,1,519.0
14908,75,1,278.0
13436,2,1,198.0
15773,6,1,636.0
15510,331,1,250.0
16583,374,1,233.0
15222,319,1,585.0
15692,29,1,191.0
14368,320,1,156.0
15810,79,4,1411.0
13901,73,5,2875.0
14562,4,18,5112.0
13035,74,2,921.0
17288,10,7,1421.0
14498,43,5,1973.0
18082,26,1,709.0
14798,53,3,175.0
13666,61,3,86.0
15181,67,3,691.0
18022,36,1,678.0
14446,1,4,1049.0
18179,10,6,1801.0
14569,2,1,228.0
13131,24,3,1081.0
14485,39,1,172.0
18277,59,1,112.0
15886,61,1,183.0
17512,29,10,2935.0
18225,4,12,5528.0
16205,31,4,762.0
18231,193,5,2102.0
14078,102,6,1053.0
16659,190,1,39.0
16485,78,1,369.0
15945,366,1,181.0
15699,18,1,310.0
15994,55,1,432.0
13253,157,2,1029.0
14184,67,1,454.0
17247,16,1,282.0
17640,87,1,621.0
15136,3,4,1293.0
17408,164,1,33.0
17356,312,1,180.0
18164,38,1,406.0
16359,8,9,1761.0
17659,18,12,3012.0
13058,25,3,272.0
13831,17,6,2209.0
14270,332,1,495.0
15609,185,1,300.0
17110,166,1,165.0
17601,240,1,117.0
16468,75,1,75.0
13246,19,6,1995.0
12938,26,1,115.0
16260,51,1,1035.0
13953,8,7,3518.0
15739,67,1,450.0
13848,93,3,1255.0
14321,11,5,1539.0
13918,50,2,1212.0
13865,59,4,508.0
16423,25,1,349.0
13079,5,5,221.0
14959,65,4,701.0
16374,67,2,478.0
15492,29,2,660.0
13196,12,4,1805.0
14175,60,3,3233.0
13336,78,1,798.0
18263,26,3,1216.0
15523,85,1,414.0
13358,269,1,442.0
13790,5,1,341.0
17054,29,5,1364.0
16365,18,9,1548.0
13777,1,33,25988.0
14223,93,3,990.0
12844,30,2,329.0
13822,6,2,642.0
18061,22,10,2125.0
14286,24,3,4650.0
15195,3,1,3861.0
17668,2,2,349.0
16551,96,3,920.0
15551,37,1,440.0
16152,269,1,1831.0
17303,362,1,256.0
12748,1,210,33956.0
13769,3,10,2809.0
17540,25,2,579.0
15805,24,17,5557.0
13174,17,3,2838.0
14995,39,2,236.0
16708,46,1,660.0
17372,41,8,1365.0
16951,135,3,1274.0
13762,219,1,306.0
14920,213,2,983.0
17134,107,2,429.0
15320,45,1,273.0
13787,76,2,311.0
15335,54,1,176.0
14491,176,2,341.0
15830,38,1,581.0
15052,320,1,219.0
17340,30,11,12372.0
14515,18,6,2119.0
17897,173,3,570.0
15867,6,15,3869.0
17651,12,10,3986.0
15611,10,13,1597.0
18270,39,2,282.0
12843,66,8,1718.0
14544,25,2,2033.0
15749,236,3,44535.0
14916,71,4,1276.0
16555,36,2,286.0
15417,86,1,518.0
16906,82,4,586.0
16737,54,1,418.0
13866,75,1,147.0
12847,23,1,871.0
12872,327,2,604.0
15299,68,7,4507.0
14755,10,11,5027.0
15500,9,4,1138.0
16919,157,11,2610.0
14976,58,7,798.0
17425,20,2,761.0
17351,37,3,590.0
15036,73,3,475.0
17188,12,7,2474.0
15493,33,5,2018.0
14609,73,4,601.0
17144,2,2,993.0
17480,78,1,511.0
17411,13,3,782.0
17227,19,6,942.0
16625,275,1,338.0
17368,24,8,1917.0
16451,88,1,271.0
17403,37,1,289.0
14019,47,3,1426.0
14109,73,1,144.0
13245,51,1,433.0
16586,249,1,464.0
15802,143,1,451.0
15351,13,7,1969.0
17940,50,10,4106.0
16660,17,4,1267.0
14224,111,4,1054.0
17716,23,11,5678.0
16915,10,6,626.0
16830,39,1,331.0
16875,68,5,2105.0
13984,27,5,922.0
13572,206,1,1385.0
18127,20,3,353.0
14029,64,2,468.0
13877,87,1,117.0
15361,362,1,420.0
13272,32,2,280.0
15610,52,1,113.0
13570,244,1,240.0
13018,17,28,7318.0
14667,11,25,9295.0
13141,85,5,2396.0
15552,218,1,91.0
17537,30,2,904.0
14352,158,4,1079.0
13854,9,25,8110.0
13476,179,2,1248.0
16198,76,1,401.0
16182,73,4,6618.0
13926,24,1,224.0
13933,110,2,609.0
14740,198,3,1455.0
16914,37,1,209.0
17451,2,7,1725.0
18056,289,1,362.0
14953,26,1,289.0
17237,12,2,317.0
14549,312,1,296.0
12976,212,1,742.0
14552,152,1,173.0
17735,3,19,13207.0
15932,5,8,2499.0
16679,367,1,130.0
15708,41,7,3399.0
17371,18,3,426.0
13924,2,6,1852.0
15838,12,19,33649.0
14114,274,2,388.0
14595,20,6,1749.0
13162,123,4,1690.0
16112,144,4,200.0
13548,97,2,690.0
14886,253,1,369.0
13033,358,1,195.0
14756,16,1,743.0
13072,267,1,178.0
17654,278,1,121.0
14626,24,4,2805.0
15182,155,2,628.0
13184,15,10,1717.0
14093,13,1,453.0
14005,10,5,2871.0
14805,16,4,557.0
15442,249,1,594.0
13310,29,3,1136.0
15729,213,1,85.0
16256,267,1,752.0
15712,10,5,1082.0
17311,79,2,1387.0
18276,44,1,335.0
15776,134,1,244.0
15428,16,1,95.0
17181,58,2,239.0
14460,111,3,435.0
18185,250,1,304.0
16978,78,1,348.0
13962,22,2,171.0
13522,31,1,126.0
16356,198,3,208.0
13270,367,1,590.0
18203,158,1,162.0
13013,2,13,4825.0
14502,20,11,2522.0
16712,10,11,3686.0
13592,36,4,251.0
15550,5,4,582.0
15759,219,3,253.0
13437,15,7,3427.0
12990,32,3,414.0
16409,37,5,2051.0
16705,1,20,14068.0
17426,9,6,5052.0
17979,36,4,776.0
18196,96,2,701.0
14356,80,2,704.0
16212,20,2,696.0
16739,177,1,325.0
17442,37,6,2255.0
12977,157,1,40.0
14400,150,1,580.0
18287,43,3,1836.0
17649,139,1,875.0
15556,25,1,284.0
13142,20,1,308.0
15045,152,2,735.0
17877,171,1,238.0
17880,365,1,462.0
16037,270,3,858.0
17920,5,17,4256.0
14312,47,6,1620.0
13266,12,12,3840.0
18230,10,7,2815.0
14267,163,3,1527.0
14758,145,4,1492.0
16454,45,2,7.0
18069,27,5,2066.0
16293,22,10,2260.0
17354,51,1,1394.0
13294,190,2,882.0
13532,34,1,209.0
13747,374,1,80.0
14176,298,4,580.0
13503,72,1,220.0
13385,330,1,538.0
16752,373,1,208.0
15341,81,1,2021.0
17597,214,1,2048.0
17795,180,2,355.0
16866,141,3,209.0
13212,20,3,795.0
13950,12,4,750.0
14772,113,1,139.0
14560,8,22,2239.0
15782,10,3,2619.0
18210,2,6,2625.0
16686,48,7,3103.0
13167,19,4,794.0
18281,181,1,81.0
13055,79,3,1222.0
18119,368,1,180.0
18138,296,1,154.0
17997,75,8,1980.0
13692,25,3,1490.0
16989,8,6,1134.0
16940,53,3,3082.0
13211,11,3,1204.0
14857,60,2,1183.0
15437,263,1,203.0
18204,72,3,2010.0
15678,53,1,354.0
16841,37,6,1879.0
13764,71,3,1538.0
14849,22,25,7961.0
15687,9,9,3008.0
16654,142,4,604.0
17695,132,2,766.0
14309,9,9,2361.0
16618,32,5,2656.0
15981,25,8,3416.0
14710,15,4,609.0
17827,6,5,2016.0
15016,173,1,172.0
17490,1,7,2095.0
16855,24,2,332.0
16983,13,7,1942.0
13593,109,5,2051.0
15799,76,3,891.0
16546,291,2,786.0
13332,15,1,354.0
15211,61,2,901.0
16616,16,2,503.0
14218,43,1,171.0
16248,62,1,153.0
13227,202,1,261.0
17481,4,4,1260.0
13448,17,6,3554.0
12939,65,8,11578.0
15507,172,1,499.0
13165,47,2,1022.0
16249,53,5,1805.0
17590,3,3,1501.0
13410,25,5,1001.0
18142,158,2,1020.0
13323,4,5,790.0
15525,3,3,829.0
15951,9,2,714.0
17349,180,1,113.0
14910,3,4,437.0
13744,96,2,1161.0
13649,257,2,348.0
13352,61,1,399.0
14199,219,1,185.0
17387,20,2,794.0
13068,11,2,344.0
17298,102,2,504.0
16471,275,1,224.0
17942,8,1,78.0
16135,263,1,519.0
14820,22,4,507.0
17306,11,19,8644.0
13846,25,3,873.0
16482,16,1,221.0
17050,97,6,3269.0
17905,72,4,804.0
15754,52,3,459.0
17348,15,5,1170.0
16225,45,5,1108.0
15675,82,3,326.0
17256,108,2,242.0
13673,19,2,397.0
13263,2,35,7537.0
13209,31,8,5934.0
16556,67,7,3329.0
13309,8,5,1483.0
15545,55,2,297.0
14868,4,8,2964.0
13534,3,25,5958.0
17194,274,2,264.0
13421,41,2,1860.0
17418,43,2,467.0
16877,13,6,865.0
17921,65,4,837.0
18176,359,1,477.0
15625,104,4,1539.0
17234,183,1,151.0
15872,15,2,359.0
17644,2,11,2918.0
15641,106,4,1902.0
16276,177,1,811.0
17030,64,1,148.0
14215,12,6,1792.0
16342,76,4,324.0
14421,58,2,812.0
16456,100,5,2171.0
16836,40,2,252.0
14745,113,5,1230.0
18017,82,3,523.0
17612,54,6,2068.0
14924,246,1,311.0
14957,254,1,59.0
16330,18,3,254.0
15450,31,1,430.0
17376,71,2,207.0
14081,303,2,944.0
18095,313,2,581.0
16535,6,1,599.0
12930,79,2,417.0
17082,34,2,2017.0
17037,88,1,1273.0
13402,128,2,619.0
14301,118,1,639.0
17217,235,1,114.0
13002,319,1,121.0
16193,237,1,313.0
15109,246,1,491.0
15251,10,11,10488.0
16782,11,13,2316.0
14639,53,6,2994.0
17581,1,25,11113.0
17422,17,6,1982.0
16157,16,3,658.0
13376,100,3,1029.0
17229,97,2,318.0
14731,48,3,382.0
17975,16,13,4509.0
13506,317,2,460.0
13411,108,1,217.0
13176,47,1,498.0
14664,20,2,640.0
14002,135,2,533.0
13849,52,2,1550.0
16484,174,2,408.0
14727,275,1,270.0
13434,75,2,535.0
18233,326,1,440.0
18154,4,2,398.0
13006,57,1,82.0
14840,268,1,63.0
16897,300,2,295.0
12851,97,1,134.0
14288,214,1,428.0
15134,15,8,1388.0
16945,22,19,4404.0
12883,25,4,711.0
18135,30,5,684.0
14256,261,2,977.0
17360,18,3,590.0
17212,254,1,227.0
14795,167,1,132.0
13325,82,1,677.0
16448,199,1,189.0
14816,198,1,272.0
14962,271,1,127.0
14966,15,1,194.0
14142,374,1,312.0
14046,285,1,154.0
13989,66,2,1268.0
13359,64,1,441.0
14047,9,5,1314.0
17472,192,3,721.0
17858,6,12,5181.0
14577,13,4,862.0
15804,1,13,4236.0
15281,59,9,2349.0
14487,27,6,1203.0
14340,219,1,135.0
14138,2,2,980.0
17460,95,6,624.0
16768,48,3,480.0
15411,27,4,1367.0
17838,27,5,2783.0
13495,8,5,2047.0
16110,46,3,1357.0
13278,41,1,556.0
17102,262,1,26.0
17498,76,1,272.0
15863,26,2,68.0
16447,136,1,263.0
16422,18,51,34672.0
17416,30,7,6938.0
12878,237,2,860.0
15605,37,5,1207.0
14696,5,7,2085.0
14178,9,7,1632.0
15988,20,1,158.0
16086,60,5,1126.0
13725,50,8,2001.0
12952,6,4,1392.0
16003,30,5,2755.0
16757,319,1,107.0
13658,10,5,2659.0
16955,185,4,520.0
14087,3,1,198.0
17002,86,3,1494.0
13032,53,2,1022.0
16988,6,1,127.0
16281,73,1,2062.0
14346,121,2,1028.0
15813,208,2,1311.0
16982,61,1,386.0
14946,15,1,101.0
13075,130,1,919.0
17954,6,12,2351.0
13107,45,4,1534.0
14179,41,2,722.0
14235,76,5,3157.0
14985,199,2,300.0
15522,33,2,406.0
13138,23,6,966.0
16873,5,6,7138.0
13742,17,12,3165.0
14463,99,3,530.0
14022,226,1,440.0
14893,10,2,1246.0
18114,291,1,223.0
12920,18,1,167.0
18251,88,1,4313.0
17272,43,4,2148.0
17676,5,6,1401.0
17707,186,2,153.0
17454,193,4,528.0
13669,51,2,220.0
16380,62,1,1781.0
16581,183,1,108.0
17569,333,1,347.0
17919,89,1,1306.0
14576,373,1,35.0
17846,86,1,2033.0
18122,9,6,1847.0
15139,240,2,178.0
12886,68,2,1385.0
16186,23,12,4026.0
13538,44,7,1290.0
15787,27,3,954.0
18236,30,6,888.0
18262,141,1,151.0
16980,256,2,1085.0
12826,3,7,1498.0
15874,64,7,4410.0
14232,43,5,2053.0
14883,19,6,771.0
14285,22,4,1910.0
15568,3,3,761.0
14537,58,1,358.0
16658,369,1,124.0
17159,22,3,1548.0
14688,8,21,5662.0
15235,218,12,2264.0
17169,58,2,838.0
17315,2,38,6331.0
13137,11,8,3682.0
18155,76,3,373.0
14379,45,2,354.0
12906,12,5,2923.0
13110,32,7,1498.0
14467,18,4,607.0
16823,228,1,360.0
16790,4,6,1555.0
15226,311,1,155.0
16177,51,1,333.0
18232,82,4,600.0
13467,11,2,1096.0
13837,212,2,272.0
15589,256,3,480.0
17621,22,3,1382.0
17079,79,1,118.0
13307,121,1,15.0
17468,11,2,137.0
12833,146,1,419.0
15286,50,1,240.0
13217,123,3,534.0
14698,2,5,1275.0
15858,16,5,1452.0
15869,278,2,151.0
16324,129,3,435.0
16837,32,11,3192.0
14621,2,5,1798.0
16872,78,3,681.0
15123,8,2,2209.0
15978,78,1,1097.0
15866,102,1,235.0
15864,23,6,1938.0
13519,79,1,124.0
13395,186,1,311.0
15316,327,1,165.0
14517,34,2,334.0
13985,5,15,7108.0
15578,163,1,128.0
15246,239,2,519.0
16598,286,1,145.0
15271,8,15,2528.0
16139,19,3,638.0
14357,44,1,231.0
13867,32,3,1021.0
14250,8,3,1908.0
16349,291,1,53.0
17671,16,4,1575.0
15256,149,1,99.0
13373,61,3,3321.0
15555,13,16,4832.0
13089,3,97,58964.0
13324,37,10,7119.0
16188,45,4,991.0
12999,197,3,460.0
16023,47,3,726.0
13464,59,1,676.0
17646,220,3,1011.0
16504,26,1,486.0
15917,248,1,123.0
13147,11,4,714.0
17375,200,3,406.0
15424,255,2,384.0
15349,159,2,479.0
13617,41,3,552.0
14902,26,1,336.0
16804,24,3,539.0
15826,57,3,1658.0
16162,253,1,38.0
16433,29,1,185.0
16641,106,1,231.0
14073,33,1,152.0
15436,13,3,1149.0
13296,138,1,88.0
16570,16,10,3758.0
16987,4,7,1633.0
14024,122,2,331.0
15539,8,1,539.0
18033,66,1,101.0
16169,9,4,1829.0
18110,20,1,244.0
16713,19,15,6992.0
15472,114,1,381.0
16361,10,4,902.0
14320,207,2,478.0
18073,115,12,3888.0
17250,4,2,389.0
15791,44,2,1622.0
14511,12,5,1317.0
15748,41,1,150.0
17957,67,1,116.0
17791,30,1,107.0
17226,309,1,395.0
17105,160,2,670.0
13512,261,1,253.0
13127,78,1,260.0
17733,39,2,693.0
14762,264,1,303.0
14000,212,1,638.0
16093,107,1,17.0
13699,156,1,310.0
15900,24,1,353.0
14258,10,9,12673.0
13021,5,9,2629.0
15198,93,2,193.0
14738,43,7,1315.0
17163,22,2,293.0
13258,12,3,705.0
17367,239,1,172.0
14691,31,5,2128.0
12897,205,2,217.0
17329,15,2,527.0
15690,5,2,240.0
13808,6,5,1753.0
17118,318,1,160.0
14053,125,2,261.0
13560,8,1,175.0
13823,19,2,967.0
13455,25,2,1063.0
16354,64,2,400.0
14162,174,2,292.0
16763,199,1,614.0
18172,15,20,7572.0
15205,86,2,654.0
13536,2,7,3476.0
17284,61,6,1671.0
14167,40,4,583.0
13491,52,10,1222.0
15272,58,2,724.0
14456,6,9,3105.0
15921,173,1,338.0
17117,289,1,117.0
17761,33,1,714.0
18158,10,2,464.0
15643,192,3,673.0
16718,370,1,628.0
14789,29,1,196.0
18239,219,5,1566.0
16121,58,2,878.0
17951,40,3,1011.0
13587,64,1,712.0
14529,61,3,623.0
15456,284,3,448.0
13304,352,1,304.0
15147,241,1,623.0
16950,57,3,1180.0
13990,214,1,313.0
14759,5,3,1635.0
15596,101,5,1414.0
17642,120,2,720.0
16478,26,3,332.0
15279,355,1,291.0
14090,325,1,76.0
16619,264,1,227.0
15836,51,1,139.0
16963,188,1,112.0
13771,65,4,2642.0
16026,44,1,239.0
13005,174,2,514.0
12747,3,11,4207.0
16689,76,2,422.0
17673,2,6,1640.0
15763,32,2,1096.0
17317,47,3,2601.0
17582,237,1,176.0
13973,288,1,265.0
14819,65,2,272.0
18159,302,1,536.0
14481,165,2,642.0
15803,52,1,416.0
17631,2,3,534.0
15899,369,1,57.0
13603,27,1,166.0
16213,79,1,160.0
15180,368,1,88.0
15144,9,17,6613.0
12924,89,4,934.0
17459,44,2,650.0
16241,10,13,2656.0
17854,186,2,313.0
15998,37,5,3116.0
15990,45,2,799.0
17956,250,1,13.0
15148,11,1,302.0
13763,64,1,1718.0
15395,326,1,109.0
16488,34,3,500.0
15427,34,3,1494.0
12891,186,3,331.0
14729,374,1,315.0
15775,246,1,105.0
12984,19,1,98.0
15255,67,1,895.0
15315,65,2,568.0
18269,367,1,169.0
14045,110,4,1660.0
17961,22,39,1315.0
14401,5,13,4045.0
18065,6,14,2409.0
15225,235,1,412.0
15622,44,9,3735.0
16463,22,4,1427.0
16332,29,7,1601.0
15318,4,1,309.0
16825,39,2,777.0
12967,359,2,1663.0
15907,4,3,971.0
18216,32,1,483.0
17962,143,1,106.0
13382,281,1,225.0
15955,25,14,4439.0
15502,16,12,10393.0
17841,2,124,41519.0
16672,3,20,8143.0
14161,216,3,1117.0
16851,5,3,344.0
17723,128,6,3278.0
16652,59,7,6785.0
14543,29,16,3637.0
13158,95,4,1212.0
16525,3,26,13040.0
17078,37,2,379.0
13299,269,1,144.0
15101,9,2,318.0
17849,219,4,609.0
16582,114,1,315.0
14965,97,2,602.0
17206,54,1,205.0
13938,36,1,73.0
13972,71,2,191.0
16045,120,4,1349.0
14239,44,11,2391.0
18198,5,17,5433.0
15660,26,9,1608.0
15952,34,4,814.0
18005,4,2,252.0
13760,55,2,292.0
17302,15,5,1141.0
16184,65,6,1163.0
13607,41,1,687.0
16832,185,3,201.0
13280,123,3,830.0
13894,24,3,567.0
17410,17,5,1221.0
17125,51,1,262.0
17557,15,3,544.0
14865,8,2,52.0
18165,178,1,303.0
15807,51,3,910.0
15104,197,2,1033.0
14393,219,1,68.0
17693,138,1,202.0
18104,38,1,754.0
12985,1,2,1239.0
16344,159,1,101.0
13949,3,6,2441.0
16600,5,6,817.0
15883,3,2,400.0
17004,47,2,1421.0
18072,186,1,248.0
16816,104,4,420.0
15009,13,3,1275.0
17491,2,10,3575.0
13639,75,1,1033.0
17653,37,4,1212.0
17731,80,4,1244.0
14741,12,6,1401.0
15577,152,3,260.0
14632,263,1,117.0
17555,20,2,486.0
17489,59,2,375.0
13259,62,1,296.0
14098,37,1,148.0
14869,9,2,733.0
16179,61,1,216.0
15612,37,2,195.0
16912,29,11,2579.0
15986,31,1,169.0
14293,4,4,1047.0
15067,79,3,1746.0
15581,121,13,3690.0
18116,68,8,1436.0
15624,117,4,591.0
14092,8,14,4090.0
16160,66,2,1026.0
17516,16,5,778.0
14790,17,4,754.0
16347,12,2,891.0
18261,44,2,324.0
12820,4,4,946.0
13862,19,8,2220.0
13555,74,4,4156.0
13566,41,2,884.0
12908,177,2,750.0
14622,185,1,322.0
17038,31,1,112.0
13828,23,1,212.0
13144,333,1,112.0
14583,6,5,1084.0
17994,122,4,684.0
14221,43,9,3453.0
14261,51,2,1170.0
14948,24,6,1104.0
16869,23,4,834.0
16343,17,2,372.0
16222,319,1,866.0
16519,26,2,215.0
17697,237,1,342.0
16810,193,1,312.0
16943,212,3,821.0
15819,50,4,1919.0
18151,135,2,654.0
17470,45,5,1128.0
14652,78,1,114.0
13023,65,2,695.0
15312,76,4,928.0
16621,52,4,816.0
17412,3,7,1269.0
16818,11,11,3359.0
14149,221,1,447.0
15565,51,2,175.0
14670,281,2,417.0
18125,30,4,1168.0
13754,152,2,281.0
14963,10,5,1494.0
15303,291,1,573.0
13037,139,3,890.0
14699,215,1,110.0
16748,18,5,1536.0
17648,61,4,1814.0
15730,66,3,1128.0
13936,180,1,376.0
15360,40,1,429.0
13876,64,1,124.0
17770,199,5,1149.0
13573,51,2,295.0
12945,289,1,469.0
14323,115,2,609.0
15937,65,1,147.0
14894,86,1,657.0
14466,30,7,2282.0
16523,2,21,9450.0
15601,12,14,6794.0
13576,11,18,6730.0
13995,16,5,1416.0
13974,50,1,415.0
17064,59,3,869.0
15774,69,1,276.0
13565,20,2,245.0
17073,18,4,1470.0
14692,138,4,600.0
17010,19,1,196.0
13308,23,3,1387.0
16149,5,2,279.0
17239,313,1,385.0
16665,363,1,137.0
14055,107,1,727.0
15854,5,12,2987.0
16847,44,1,195.0
16019,47,9,3802.0
16444,47,4,661.0
14895,8,20,11174.0
17233,36,1,192.0
13130,95,1,64.0
18034,22,2,427.0
16206,55,4,549.0
16229,88,2,1014.0
13269,2,15,5360.0
16102,43,3,1840.0
15258,169,2,627.0
18101,12,2,227.0
16181,74,1,308.0
14625,197,2,906.0
17361,50,3,491.0
16858,369,1,376.0
17321,9,2,705.0
13273,114,1,139.0
15592,47,1,388.0
13932,295,1,309.0
16807,143,3,1134.0
16474,8,7,1885.0
13277,16,4,259.0
14655,9,4,1932.0
16462,74,3,136.0
16183,68,1,340.0
13178,27,11,5796.0
17092,51,4,1795.0
16563,54,1,1079.0
14875,108,2,1469.0
12855,373,1,38.0
15376,41,3,1239.0
15239,11,2,782.0
15421,59,4,958.0
15103,32,2,705.0
15119,246,1,269.0
17862,324,1,333.0
16345,45,1,583.0
16594,76,1,179.0
15289,30,3,938.0
14557,86,1,790.0
15017,34,1,126.0
17561,20,1,171.0
14432,10,6,2292.0
14711,11,11,2897.0
16809,24,5,919.0
15150,18,10,5349.0
13363,18,2,993.0
14449,19,4,918.0
15965,18,4,859.0
17839,43,1,339.0
14766,9,6,2490.0
17986,57,1,21.0
17051,195,1,254.0
14409,72,6,2072.0
17075,18,4,839.0
14381,53,1,214.0
17158,33,3,1276.0
14220,248,2,635.0
13598,48,1,181.0
17266,3,3,317.0
15090,309,1,383.0
14810,41,11,2107.0
16041,31,3,3167.0
16227,226,1,314.0
12949,31,8,4181.0
13265,54,5,2107.0
17402,5,13,2635.0
15240,45,5,1709.0
16203,59,4,595.0
13842,59,9,3404.0
13684,286,1,65.0
17970,212,1,586.0
13515,73,4,900.0
15831,59,3,809.0
15723,365,1,206.0
15445,265,1,114.0
16676,34,4,1596.0
17977,30,1,289.0
14850,312,1,327.0
16953,31,1,21.0
18220,227,1,306.0
15494,22,2,1301.0
17501,221,2,290.0
14009,199,2,703.0
14157,20,2,433.0
17973,52,1,340.0
13833,160,1,389.0
16602,37,1,528.0
14723,11,6,1162.0
13893,298,1,825.0
18109,2,26,8109.0
16008,24,3,483.0
13539,86,3,639.0
16670,17,11,4134.0
15517,234,1,268.0
17611,8,15,4034.0
15744,78,1,35.0
13473,61,2,422.0
16392,270,1,229.0
14418,4,3,1944.0
14427,51,2,366.0
16313,4,2,277.0
17917,46,3,353.0
15321,71,3,2755.0
16030,310,1,334.0
17344,47,1,163.0
18144,8,12,2892.0
17860,369,1,254.0
15694,1,14,6483.0
15644,167,4,830.0
14546,6,5,2611.0
13645,121,1,252.0
18097,8,6,2707.0
14188,31,6,2063.0
16379,5,4,2163.0
15193,61,1,502.0
15888,81,1,171.0
13243,204,1,608.0
12852,295,1,313.0
16956,18,1,310.0
14413,363,1,125.0
13835,26,4,842.0
13611,90,3,1176.0
17048,118,3,928.0
17602,3,6,5141.0
13183,8,9,3971.0
15402,149,2,632.0
14229,52,3,1555.0
17287,27,7,1077.0
16723,92,2,592.0
15780,184,3,478.0
16529,191,1,458.0
16017,48,1,213.0
17180,57,4,801.0
16696,136,4,660.0
16063,261,1,336.0
16322,2,2,331.0
14493,8,5,2388.0
15275,38,1,621.0
17746,241,1,112.0
15615,11,23,10463.0
13404,2,2,253.0
14732,9,8,2721.0
17593,4,5,3944.0
15290,5,18,7956.0
15187,2,16,4777.0
16115,10,8,1692.0
16918,50,6,1082.0
14769,3,8,10764.0
16497,50,6,2975.0
15912,179,2,265.0
16442,2,3,622.0
13192,96,2,922.0
17007,51,6,895.0
16762,20,3,1512.0
14921,31,2,1321.0
13487,58,3,582.0
17341,157,3,797.0
17704,169,2,889.0
18156,13,2,745.0
15713,144,2,357.0
14829,30,4,702.0
15520,2,1,342.0
16405,303,2,167.0
17788,74,2,1118.0
18192,72,1,969.0
15705,202,1,144.0
12982,243,1,389.0
14693,265,1,174.0
16071,45,1,329.0
16013,4,47,37143.0
17562,15,7,1132.0
16959,88,1,119.0
18180,5,6,1850.0
12968,113,1,136.0
16927,116,3,545.0
14110,4,12,5707.0
15857,19,1,295.0
17855,373,1,210.0
16153,50,5,1831.0
13232,13,7,1367.0
17041,27,3,1088.0
14593,22,3,626.0
16141,89,1,624.0
16200,5,2,1085.0
15257,284,1,317.0
14974,38,1,116.0
18045,46,1,189.0
15703,265,1,211.0
17301,22,1,200.0
17211,27,8,2338.0
15529,23,11,4029.0
13126,5,8,2103.0
16755,115,3,1510.0
14461,149,3,2124.0
16209,89,5,2266.0
17527,54,4,946.0
14344,128,8,895.0
15069,180,1,1124.0
14049,17,4,5741.0
16753,59,1,233.0
13203,10,4,872.0
15820,320,1,207.0
16270,354,1,1149.0
13284,331,1,203.0
17142,240,1,582.0
16751,31,1,1768.0
16878,85,1,14.0
15980,89,3,2403.0
16144,247,1,175.0
17672,51,2,3184.0
16140,66,2,725.0
13735,25,4,2899.0
14191,2,13,4725.0
15808,307,4,3759.0
17114,6,8,819.0
15483,162,4,234.0
18130,16,3,1063.0
18188,16,3,2001.0
15720,25,1,604.0
15745,20,4,1103.0
13276,64,2,596.0
13736,6,2,747.0
15449,27,3,976.0
13642,216,1,357.0
16022,261,1,639.0
13851,96,3,2655.0
16103,8,6,1441.0
13798,2,57,37178.0
13161,314,1,114.0
12933,25,3,616.0
14194,5,21,11424.0
15334,157,3,359.0
16889,195,3,1599.0
15598,54,1,242.0
16250,262,2,392.0
17299,12,4,673.0
17415,80,1,507.0
14597,12,2,889.0
14984,20,2,215.0
13874,359,1,544.0
15645,19,1,615.0
14447,19,5,1176.0
14528,38,1,365.0
12912,3,5,1661.0
15789,359,1,349.0
17931,135,2,414.0
15346,333,1,254.0
12840,144,4,2742.0
17446,177,2,119.0
16097,241,1,185.0
14307,89,6,3008.0
14479,254,2,318.0
18048,204,2,173.0
17999,38,2,385.0
16340,108,1,563.0
15244,66,2,633.0
17383,5,1,203.0
13262,264,1,202.0
14592,36,3,568.0
13637,53,3,819.0
13292,39,2,582.0
15691,253,1,137.0
16623,246,1,130.0
13954,2,2,443.0
17201,54,1,347.0
13557,29,2,587.0
17988,12,7,203.0
13317,67,6,2284.0
16049,41,3,1128.0
16164,18,3,821.0
16466,34,7,1613.0
15569,104,5,1380.0
18055,8,10,6822.0
18032,335,1,75.0
13706,303,1,335.0
16997,289,3,707.0
15573,32,2,615.0
14100,138,1,199.0
16883,188,2,280.0
12971,4,86,11177.0
13420,150,2,160.0
16744,12,7,1321.0
12922,162,1,406.0
15881,313,5,504.0
15976,166,2,435.0
14712,30,3,916.0
15274,5,2,718.0
15793,15,3,967.0
17337,152,4,2068.0
16714,219,3,1175.0
15356,32,10,2777.0
13841,253,1,85.0
15574,178,4,713.0
14863,30,1,265.0
14881,20,1,257.0
17464,159,1,290.0
18006,24,1,448.0
17521,30,3,723.0
17277,228,2,1074.0
16572,128,3,1015.0
12916,139,4,3026.0
15860,41,8,985.0
14744,17,7,1103.0
17600,18,1,164.0
14856,37,3,1317.0
18178,129,4,1608.0
14015,53,1,916.0
17076,37,3,841.0
16596,16,2,253.0
15651,37,3,648.0
18011,374,1,102.0
12991,24,2,507.0
17391,164,2,510.0
17538,26,1,99.0
